Date,Gasprice,Day
2005-01-01,1.70,Saturday
2005-01-02,1.70,Sunday
2005-01-03,1.68,Monday
2005-01-04,1.68,Tuesday
2005-01-05,1.68,Wednesday
2005-01-06,1.68,Thursday
2005-01-07,1.68,Friday
2005-01-08,1.68,Saturday
2005-01-09,1.68,Sunday
2005-01-10,1.722   ,Monday
2005-01-11,1.722   ,Tuesday
2005-01-12,1.722   ,Wednesday
2005-01-13,1.722   ,Thursday
2005-01-14,1.722   ,Friday
2005-01-15,1.722   ,Saturday
2005-01-16,1.722   ,Sunday
2005-01-17,2.68,Monday
2005-01-18,2.68,Tuesday
2005-01-19,2.68,Wednesday
2005-01-20,2.68,Thursday
2005-01-21,2.68,Friday
2005-01-22,2.68,Saturday
2005-01-23,2.68,Sunday
2005-01-24,1.811   ,Monday
2005-01-25,1.811   ,Tuesday
2005-01-26,1.811   ,Wednesday
2005-01-27,1.811   ,Thursday
2005-01-28,1.811   ,Friday
2005-01-29,1.811   ,Saturday
2005-01-30,1.811   ,Sunday
2005-01-31,3.68,Monday
2005-02-01,3.68,Tuesday
2005-02-02,3.68,Wednesday
2005-02-03,3.68,Thursday
2005-02-04,3.68,Friday
2005-02-05,3.68,Saturday
2005-02-06,3.68,Sunday
2005-02-07,1.864   ,Monday
2005-02-08,1.864   ,Tuesday
2005-02-09,1.864   ,Wednesday
2005-02-10,1.864   ,Thursday
2005-02-11,1.864   ,Friday
2005-02-12,1.864   ,Saturday
2005-02-13,1.864   ,Sunday
2005-02-14,4.68,Monday
2005-02-15,4.68,Tuesday
2005-02-16,4.68,Wednesday
2005-02-17,4.68,Thursday
2005-02-18,4.68,Friday
2005-02-19,4.68,Saturday
2005-02-20,4.68,Sunday
2005-02-21,1.817   ,Monday
2005-02-22,1.817   ,Tuesday
2005-02-23,1.817   ,Wednesday
2005-02-24,1.817   ,Thursday
2005-02-25,1.817   ,Friday
2005-02-26,1.817   ,Saturday
2005-02-27,1.817   ,Sunday
2005-02-28,5.68,Monday
2005-03-01,5.68,Tuesday
2005-03-02,5.68,Wednesday
2005-03-03,5.68,Thursday
2005-03-04,5.68,Friday
2005-03-05,5.68,Saturday
2005-03-06,5.68,Sunday
2005-03-07,1.899   ,Monday
2005-03-08,1.899   ,Tuesday
2005-03-09,1.899   ,Wednesday
2005-03-10,1.899   ,Thursday
2005-03-11,1.899   ,Friday
2005-03-12,1.899   ,Saturday
2005-03-13,1.899   ,Sunday
2005-03-14,6.68,Monday
2005-03-15,6.68,Tuesday
2005-03-16,6.68,Wednesday
2005-03-17,6.68,Thursday
2005-03-18,6.68,Friday
2005-03-19,6.68,Saturday
2005-03-20,6.68,Sunday
2005-03-21,2.041   ,Monday
2005-03-22,2.041   ,Tuesday
2005-03-23,2.041   ,Wednesday
2005-03-24,2.041   ,Thursday
2005-03-25,2.041   ,Friday
2005-03-26,2.041   ,Saturday
2005-03-27,2.041   ,Sunday
2005-03-28,7.68,Monday
2005-03-29,7.68,Tuesday
2005-03-30,7.68,Wednesday
2005-03-31,7.68,Thursday
2005-04-01,7.68,Friday
2005-04-02,7.68,Saturday
2005-04-03,7.68,Sunday
2005-04-04,2.169   ,Monday
2005-04-05,2.169   ,Tuesday
2005-04-06,2.169   ,Wednesday
2005-04-07,2.169   ,Thursday
2005-04-08,2.169   ,Friday
2005-04-09,2.169   ,Saturday
2005-04-10,2.169   ,Sunday
2005-04-11,8.68,Monday
2005-04-12,8.68,Tuesday
2005-04-13,8.68,Wednesday
2005-04-14,8.68,Thursday
2005-04-15,8.68,Friday
2005-04-16,8.68,Saturday
2005-04-17,8.68,Sunday
2005-04-18,2.161   ,Monday
2005-04-19,2.161   ,Tuesday
2005-04-20,2.161   ,Wednesday
2005-04-21,2.161   ,Thursday
2005-04-22,2.161   ,Friday
2005-04-23,2.161   ,Saturday
2005-04-24,2.161   ,Sunday
2005-04-25,9.68,Monday
2005-04-26,9.68,Tuesday
2005-04-27,9.68,Wednesday
2005-04-28,9.68,Thursday
2005-04-29,9.68,Friday
2005-04-30,9.68,Saturday
2005-05-01,9.68,Sunday
2005-05-02,2.142   ,Monday
2005-05-03,2.142   ,Tuesday
2005-05-04,2.142   ,Wednesday
2005-05-05,2.142   ,Thursday
2005-05-06,2.142   ,Friday
2005-05-07,2.142   ,Saturday
2005-05-08,2.142   ,Sunday
2005-05-09,10.68,Monday
2005-05-10,10.68,Tuesday
2005-05-11,10.68,Wednesday
2005-05-12,10.68,Thursday
2005-05-13,10.68,Friday
2005-05-14,10.68,Saturday
2005-05-15,10.68,Sunday
2005-05-16,2.075   ,Monday
2005-05-17,2.075   ,Tuesday
2005-05-18,2.075   ,Wednesday
2005-05-19,2.075   ,Thursday
2005-05-20,2.075   ,Friday
2005-05-21,2.075   ,Saturday
2005-05-22,2.075   ,Sunday
2005-05-23,11.68,Monday
2005-05-24,11.68,Tuesday
2005-05-25,11.68,Wednesday
2005-05-26,11.68,Thursday
2005-05-27,11.68,Friday
2005-05-28,11.68,Saturday
2005-05-29,11.68,Sunday
2005-05-30,2.014   ,Monday
2005-05-31,2.014   ,Tuesday
2005-06-01,2.014   ,Wednesday
2005-06-02,2.014   ,Thursday
2005-06-03,2.014   ,Friday
2005-06-04,2.014   ,Saturday
2005-06-05,2.014   ,Sunday
2005-06-06,12.68,Monday
2005-06-07,12.68,Tuesday
2005-06-08,12.68,Wednesday
2005-06-09,12.68,Thursday
2005-06-10,12.68,Friday
2005-06-11,12.68,Saturday
2005-06-12,12.68,Sunday
2005-06-13,2.097   ,Monday
2005-06-14,2.097   ,Tuesday
2005-06-15,2.097   ,Wednesday
2005-06-16,2.097   ,Thursday
2005-06-17,2.097   ,Friday
2005-06-18,2.097   ,Saturday
2005-06-19,2.097   ,Sunday
2005-06-20,13.68,Monday
2005-06-21,13.68,Tuesday
2005-06-22,13.68,Wednesday
2005-06-23,13.68,Thursday
2005-06-24,13.68,Friday
2005-06-25,13.68,Saturday
2005-06-26,13.68,Sunday
2005-06-27,2.155   ,Monday
2005-06-28,2.155   ,Tuesday
2005-06-29,2.155   ,Wednesday
2005-06-30,2.155   ,Thursday
2005-07-01,2.155   ,Friday
2005-07-02,2.155   ,Saturday
2005-07-03,2.155   ,Sunday
2005-07-04,14.68,Monday
2005-07-05,14.68,Tuesday
2005-07-06,14.68,Wednesday
2005-07-07,14.68,Thursday
2005-07-08,14.68,Friday
2005-07-09,14.68,Saturday
2005-07-10,14.68,Sunday
2005-07-11,2.271   ,Monday
2005-07-12,2.271   ,Tuesday
2005-07-13,2.271   ,Wednesday
2005-07-14,2.271   ,Thursday
2005-07-15,2.271   ,Friday
2005-07-16,2.271   ,Saturday
2005-07-17,2.271   ,Sunday
2005-07-18,15.68,Monday
2005-07-19,15.68,Tuesday
2005-07-20,15.68,Wednesday
2005-07-21,15.68,Thursday
2005-07-22,15.68,Friday
2005-07-23,15.68,Saturday
2005-07-24,15.68,Sunday
2005-07-25,2.270   ,Monday
2005-07-26,2.270   ,Tuesday
2005-07-27,2.270   ,Wednesday
2005-07-28,2.270   ,Thursday
2005-07-29,2.270   ,Friday
2005-07-30,2.270   ,Saturday
2005-07-31,2.270   ,Sunday
2005-08-01,16.68,Monday
2005-08-02,16.68,Tuesday
2005-08-03,16.68,Wednesday
2005-08-04,16.68,Thursday
2005-08-05,16.68,Friday
2005-08-06,16.68,Saturday
2005-08-07,16.68,Sunday
2005-08-08,2.320   ,Monday
2005-08-09,2.320   ,Tuesday
2005-08-10,2.320   ,Wednesday
2005-08-11,2.320   ,Thursday
2005-08-12,2.320   ,Friday
2005-08-13,2.320   ,Saturday
2005-08-14,2.320   ,Sunday
2005-08-15,17.68,Monday
2005-08-16,17.68,Tuesday
2005-08-17,17.68,Wednesday
2005-08-18,17.68,Thursday
2005-08-19,17.68,Friday
2005-08-20,17.68,Saturday
2005-08-21,17.68,Sunday
2005-08-22,2.626   ,Monday
2005-08-23,2.626   ,Tuesday
2005-08-24,2.626   ,Wednesday
2005-08-25,2.626   ,Thursday
2005-08-26,2.626   ,Friday
2005-08-27,2.626   ,Saturday
2005-08-28,2.626   ,Sunday
2005-08-29,18.68,Monday
2005-08-30,18.68,Tuesday
2005-08-31,18.68,Wednesday
2005-09-01,18.68,Thursday
2005-09-02,18.68,Friday
2005-09-03,18.68,Saturday
2005-09-04,18.68,Sunday
2005-09-05,3.213   ,Monday
2005-09-06,3.213   ,Tuesday
2005-09-07,3.213   ,Wednesday
2005-09-08,3.213   ,Thursday
2005-09-09,3.213   ,Friday
2005-09-10,3.213   ,Saturday
2005-09-11,3.213   ,Sunday
2005-09-12,19.68,Monday
2005-09-13,19.68,Tuesday
2005-09-14,19.68,Wednesday
2005-09-15,19.68,Thursday
2005-09-16,19.68,Friday
2005-09-17,19.68,Saturday
2005-09-18,19.68,Sunday
2005-09-19,2.811   ,Monday
2005-09-20,2.811   ,Tuesday
2005-09-21,2.811   ,Wednesday
2005-09-22,2.811   ,Thursday
2005-09-23,2.811   ,Friday
2005-09-24,2.811   ,Saturday
2005-09-25,2.811   ,Sunday
2005-09-26,20.68,Monday
2005-09-27,20.68,Tuesday
2005-09-28,20.68,Wednesday
2005-09-29,20.68,Thursday
2005-09-30,20.68,Friday
2005-10-01,20.68,Saturday
2005-10-02,20.68,Sunday
2005-10-03,3.054   ,Monday
2005-10-04,3.054   ,Tuesday
2005-10-05,3.054   ,Wednesday
2005-10-06,3.054   ,Thursday
2005-10-07,3.054   ,Friday
2005-10-08,3.054   ,Saturday
2005-10-09,3.054   ,Sunday
2005-10-10,21.68,Monday
2005-10-11,21.68,Tuesday
2005-10-12,21.68,Wednesday
2005-10-13,21.68,Thursday
2005-10-14,21.68,Friday
2005-10-15,21.68,Saturday
2005-10-16,21.68,Sunday
2005-10-17,2.723   ,Monday
2005-10-18,2.723   ,Tuesday
2005-10-19,2.723   ,Wednesday
2005-10-20,2.723   ,Thursday
2005-10-21,2.723   ,Friday
2005-10-22,2.723   ,Saturday
2005-10-23,2.723   ,Sunday
2005-10-24,22.68,Monday
2005-10-25,22.68,Tuesday
2005-10-26,22.68,Wednesday
2005-10-27,22.68,Thursday
2005-10-28,22.68,Friday
2005-10-29,22.68,Saturday
2005-10-30,22.68,Sunday
2005-10-31,2.353   ,Monday
2005-11-01,2.353   ,Tuesday
2005-11-02,2.353   ,Wednesday
2005-11-03,2.353   ,Thursday
2005-11-04,2.353   ,Friday
2005-11-05,2.353   ,Saturday
2005-11-06,2.353   ,Sunday
2005-11-07,23.68,Monday
2005-11-08,23.68,Tuesday
2005-11-09,23.68,Wednesday
2005-11-10,23.68,Thursday
2005-11-11,23.68,Friday
2005-11-12,23.68,Saturday
2005-11-13,23.68,Sunday
2005-11-14,2.180   ,Monday
2005-11-15,2.180   ,Tuesday
2005-11-16,2.180   ,Wednesday
2005-11-17,2.180   ,Thursday
2005-11-18,2.180   ,Friday
2005-11-19,2.180   ,Saturday
2005-11-20,2.180   ,Sunday
2005-11-21,24.68,Monday
2005-11-22,24.68,Tuesday
2005-11-23,24.68,Wednesday
2005-11-24,24.68,Thursday
2005-11-25,24.68,Friday
2005-11-26,24.68,Saturday
2005-11-27,24.68,Sunday
2005-11-28,2.066   ,Monday
2005-11-29,2.066   ,Tuesday
2005-11-30,2.066   ,Wednesday
2005-12-01,2.066   ,Thursday
2005-12-02,2.066   ,Friday
2005-12-03,2.066   ,Saturday
2005-12-04,2.066   ,Sunday
2005-12-05,25.68,Monday
2005-12-06,25.68,Tuesday
2005-12-07,25.68,Wednesday
2005-12-08,25.68,Thursday
2005-12-09,25.68,Friday
2005-12-10,25.68,Saturday
2005-12-11,25.68,Sunday
2005-12-12,2.135   ,Monday
2005-12-13,2.135   ,Tuesday
2005-12-14,2.135   ,Wednesday
2005-12-15,2.135   ,Thursday
2005-12-16,2.135   ,Friday
2005-12-17,2.135   ,Saturday
2005-12-18,2.135   ,Sunday
2005-12-19,26.68,Monday
2005-12-20,26.68,Tuesday
2005-12-21,26.68,Wednesday
2005-12-22,26.68,Thursday
2005-12-23,26.68,Friday
2005-12-24,26.68,Saturday
2005-12-25,26.68,Sunday
2005-12-26,2.184   ,Monday
2005-12-27,2.184   ,Tuesday
2005-12-28,2.184   ,Wednesday
2005-12-29,2.184   ,Thursday
2005-12-30,2.184   ,Friday
2005-12-31,2.184   ,Saturday
2006-01-01,2.184   ,Sunday
2006-01-02,27.68,Monday
2006-01-03,27.68,Tuesday
2006-01-04,27.68,Wednesday
2006-01-05,27.68,Thursday
2006-01-06,27.68,Friday
2006-01-07,27.68,Saturday
2006-01-08,27.68,Sunday
2006-01-09,2.302   ,Monday
2006-01-10,2.302   ,Tuesday
2006-01-11,2.302   ,Wednesday
2006-01-12,2.302   ,Thursday
2006-01-13,2.302   ,Friday
2006-01-14,2.302   ,Saturday
2006-01-15,2.302   ,Sunday
2006-01-16,28.68,Monday
2006-01-17,28.68,Tuesday
2006-01-18,28.68,Wednesday
2006-01-19,28.68,Thursday
2006-01-20,28.68,Friday
2006-01-21,28.68,Saturday
2006-01-22,28.68,Sunday
2006-01-23,2.327   ,Monday
2006-01-24,2.327   ,Tuesday
2006-01-25,2.327   ,Wednesday
2006-01-26,2.327   ,Thursday
2006-01-27,2.327   ,Friday
2006-01-28,2.327   ,Saturday
2006-01-29,2.327   ,Sunday
2006-01-30,29.68,Monday
2006-01-31,29.68,Tuesday
2006-02-01,29.68,Wednesday
2006-02-02,29.68,Thursday
2006-02-03,29.68,Friday
2006-02-04,29.68,Saturday
2006-02-05,29.68,Sunday
2006-02-06,2.314   ,Monday
2006-02-07,2.314   ,Tuesday
2006-02-08,2.314   ,Wednesday
2006-02-09,2.314   ,Thursday
2006-02-10,2.314   ,Friday
2006-02-11,2.314   ,Saturday
2006-02-12,2.314   ,Sunday
2006-02-13,30.68,Monday
2006-02-14,30.68,Tuesday
2006-02-15,30.68,Wednesday
2006-02-16,30.68,Thursday
2006-02-17,30.68,Friday
2006-02-18,30.68,Saturday
2006-02-19,30.68,Sunday
2006-02-20,2.200   ,Monday
2006-02-21,2.200   ,Tuesday
2006-02-22,2.200   ,Wednesday
2006-02-23,2.200   ,Thursday
2006-02-24,2.200   ,Friday
2006-02-25,2.200   ,Saturday
2006-02-26,2.200   ,Sunday
2006-02-27,31.68,Monday
2006-02-28,31.68,Tuesday
2006-03-01,31.68,Wednesday
2006-03-02,31.68,Thursday
2006-03-03,31.68,Friday
2006-03-04,31.68,Saturday
2006-03-05,31.68,Sunday
2006-03-06,2.237   ,Monday
2006-03-07,2.237   ,Tuesday
2006-03-08,2.237   ,Wednesday
2006-03-09,2.237   ,Thursday
2006-03-10,2.237   ,Friday
2006-03-11,2.237   ,Saturday
2006-03-12,2.237   ,Sunday
2006-03-13,32.68,Monday
2006-03-14,32.68,Tuesday
2006-03-15,32.68,Wednesday
2006-03-16,32.68,Thursday
2006-03-17,32.68,Friday
2006-03-18,32.68,Saturday
2006-03-19,32.68,Sunday
2006-03-20,2.500   ,Monday
2006-03-21,2.500   ,Tuesday
2006-03-22,2.500   ,Wednesday
2006-03-23,2.500   ,Thursday
2006-03-24,2.500   ,Friday
2006-03-25,2.500   ,Saturday
2006-03-26,2.500   ,Sunday
2006-03-27,33.68,Monday
2006-03-28,33.68,Tuesday
2006-03-29,33.68,Wednesday
2006-03-30,33.68,Thursday
2006-03-31,33.68,Friday
2006-04-01,33.68,Saturday
2006-04-02,33.68,Sunday
2006-04-03,2.572   ,Monday
2006-04-04,2.572   ,Tuesday
2006-04-05,2.572   ,Wednesday
2006-04-06,2.572   ,Thursday
2006-04-07,2.572   ,Friday
2006-04-08,2.572   ,Saturday
2006-04-09,2.572   ,Sunday
2006-04-10,34.68,Monday
2006-04-11,34.68,Tuesday
2006-04-12,34.68,Wednesday
2006-04-13,34.68,Thursday
2006-04-14,34.68,Friday
2006-04-15,34.68,Saturday
2006-04-16,34.68,Sunday
2006-04-17,2.850   ,Monday
2006-04-18,2.850   ,Tuesday
2006-04-19,2.850   ,Wednesday
2006-04-20,2.850   ,Thursday
2006-04-21,2.850   ,Friday
2006-04-22,2.850   ,Saturday
2006-04-23,2.850   ,Sunday
2006-04-24,35.68,Monday
2006-04-25,35.68,Tuesday
2006-04-26,35.68,Wednesday
2006-04-27,35.68,Thursday
2006-04-28,35.68,Friday
2006-04-29,35.68,Saturday
2006-04-30,35.68,Sunday
2006-05-01,2.992   ,Monday
2006-05-02,2.992   ,Tuesday
2006-05-03,2.992   ,Wednesday
2006-05-04,2.992   ,Thursday
2006-05-05,2.992   ,Friday
2006-05-06,2.992   ,Saturday
2006-05-07,2.992   ,Sunday
2006-05-08,36.68,Monday
2006-05-09,36.68,Tuesday
2006-05-10,36.68,Wednesday
2006-05-11,36.68,Thursday
2006-05-12,36.68,Friday
2006-05-13,36.68,Saturday
2006-05-14,36.68,Sunday
2006-05-15,2.996   ,Monday
2006-05-16,2.996   ,Tuesday
2006-05-17,2.996   ,Wednesday
2006-05-18,2.996   ,Thursday
2006-05-19,2.996   ,Friday
2006-05-20,2.996   ,Saturday
2006-05-21,2.996   ,Sunday
2006-05-22,37.68,Monday
2006-05-23,37.68,Tuesday
2006-05-24,37.68,Wednesday
2006-05-25,37.68,Thursday
2006-05-26,37.68,Friday
2006-05-27,37.68,Saturday
2006-05-28,37.68,Sunday
2006-05-29,2.884   ,Monday
2006-05-30,2.884   ,Tuesday
2006-05-31,2.884   ,Wednesday
2006-06-01,2.884   ,Thursday
2006-06-02,2.884   ,Friday
2006-06-03,2.884   ,Saturday
2006-06-04,2.884   ,Sunday
2006-06-05,38.68,Monday
2006-06-06,38.68,Tuesday
2006-06-07,38.68,Wednesday
2006-06-08,38.68,Thursday
2006-06-09,38.68,Friday
2006-06-10,38.68,Saturday
2006-06-11,38.68,Sunday
2006-06-12,2.967   ,Monday
2006-06-13,2.967   ,Tuesday
2006-06-14,2.967   ,Wednesday
2006-06-15,2.967   ,Thursday
2006-06-16,2.967   ,Friday
2006-06-17,2.967   ,Saturday
2006-06-18,2.967   ,Sunday
2006-06-19,39.68,Monday
2006-06-20,39.68,Tuesday
2006-06-21,39.68,Wednesday
2006-06-22,39.68,Thursday
2006-06-23,39.68,Friday
2006-06-24,39.68,Saturday
2006-06-25,39.68,Sunday
2006-06-26,2.900   ,Monday
2006-06-27,2.900   ,Tuesday
2006-06-28,2.900   ,Wednesday
2006-06-29,2.900   ,Thursday
2006-06-30,2.900   ,Friday
2006-07-01,2.900   ,Saturday
2006-07-02,2.900   ,Sunday
2006-07-03,40.68,Monday
2006-07-04,40.68,Tuesday
2006-07-05,40.68,Wednesday
2006-07-06,40.68,Thursday
2006-07-07,40.68,Friday
2006-07-08,40.68,Saturday
2006-07-09,40.68,Sunday
2006-07-10,3.001   ,Monday
2006-07-11,3.001   ,Tuesday
2006-07-12,3.001   ,Wednesday
2006-07-13,3.001   ,Thursday
2006-07-14,3.001   ,Friday
2006-07-15,3.001   ,Saturday
2006-07-16,3.001   ,Sunday
2006-07-17,41.68,Monday
2006-07-18,41.68,Tuesday
2006-07-19,41.68,Wednesday
2006-07-20,41.68,Thursday
2006-07-21,41.68,Friday
2006-07-22,41.68,Saturday
2006-07-23,41.68,Sunday
2006-07-24,3.019   ,Monday
2006-07-25,3.019   ,Tuesday
2006-07-26,3.019   ,Wednesday
2006-07-27,3.019   ,Thursday
2006-07-28,3.019   ,Friday
2006-07-29,3.019   ,Saturday
2006-07-30,3.019   ,Sunday
2006-07-31,42.68,Monday
2006-08-01,42.68,Tuesday
2006-08-02,42.68,Wednesday
2006-08-03,42.68,Thursday
2006-08-04,42.68,Friday
2006-08-05,42.68,Saturday
2006-08-06,42.68,Sunday
2006-08-07,3.016   ,Monday
2006-08-08,3.016   ,Tuesday
2006-08-09,3.016   ,Wednesday
2006-08-10,3.016   ,Thursday
2006-08-11,3.016   ,Friday
2006-08-12,3.016   ,Saturday
2006-08-13,3.016   ,Sunday
2006-08-14,43.68,Monday
2006-08-15,43.68,Tuesday
2006-08-16,43.68,Wednesday
2006-08-17,43.68,Thursday
2006-08-18,43.68,Friday
2006-08-19,43.68,Saturday
2006-08-20,43.68,Sunday
2006-08-21,2.850   ,Monday
2006-08-22,2.850   ,Tuesday
2006-08-23,2.850   ,Wednesday
2006-08-24,2.850   ,Thursday
2006-08-25,2.850   ,Friday
2006-08-26,2.850   ,Saturday
2006-08-27,2.850   ,Sunday
2006-08-28,44.68,Monday
2006-08-29,44.68,Tuesday
2006-08-30,44.68,Wednesday
2006-08-31,44.68,Thursday
2006-09-01,44.68,Friday
2006-09-02,44.68,Saturday
2006-09-03,44.68,Sunday
2006-09-04,2.618   ,Monday
2006-09-05,2.618   ,Tuesday
2006-09-06,2.618   ,Wednesday
2006-09-07,2.618   ,Thursday
2006-09-08,2.618   ,Friday
2006-09-09,2.618   ,Saturday
2006-09-10,2.618   ,Sunday
2006-09-11,45.68,Monday
2006-09-12,45.68,Tuesday
2006-09-13,45.68,Wednesday
2006-09-14,45.68,Thursday
2006-09-15,45.68,Friday
2006-09-16,45.68,Saturday
2006-09-17,45.68,Sunday
2006-09-18,2.343   ,Monday
2006-09-19,2.343   ,Tuesday
2006-09-20,2.343   ,Wednesday
2006-09-21,2.343   ,Thursday
2006-09-22,2.343   ,Friday
2006-09-23,2.343   ,Saturday
2006-09-24,2.343   ,Sunday
2006-09-25,46.68,Monday
2006-09-26,46.68,Tuesday
2006-09-27,46.68,Wednesday
2006-09-28,46.68,Thursday
2006-09-29,46.68,Friday
2006-09-30,46.68,Saturday
2006-10-01,46.68,Sunday
2006-10-02,2.152   ,Monday
2006-10-03,2.152   ,Tuesday
2006-10-04,2.152   ,Wednesday
2006-10-05,2.152   ,Thursday
2006-10-06,2.152   ,Friday
2006-10-07,2.152   ,Saturday
2006-10-08,2.152   ,Sunday
2006-10-09,47.68,Monday
2006-10-10,47.68,Tuesday
2006-10-11,47.68,Wednesday
2006-10-12,47.68,Thursday
2006-10-13,47.68,Friday
2006-10-14,47.68,Saturday
2006-10-15,47.68,Sunday
2006-10-16,2.079   ,Monday
2006-10-17,2.079   ,Tuesday
2006-10-18,2.079   ,Wednesday
2006-10-19,2.079   ,Thursday
2006-10-20,2.079   ,Friday
2006-10-21,2.079   ,Saturday
2006-10-22,2.079   ,Sunday
2006-10-23,48.68,Monday
2006-10-24,48.68,Tuesday
2006-10-25,48.68,Wednesday
2006-10-26,48.68,Thursday
2006-10-27,48.68,Friday
2006-10-28,48.68,Saturday
2006-10-29,48.68,Sunday
2006-10-30,2.088   ,Monday
2006-10-31,2.088   ,Tuesday
2006-11-01,2.088   ,Wednesday
2006-11-02,2.088   ,Thursday
2006-11-03,2.088   ,Friday
2006-11-04,2.088   ,Saturday
2006-11-05,2.088   ,Sunday
2006-11-06,49.68,Monday
2006-11-07,49.68,Tuesday
2006-11-08,49.68,Wednesday
2006-11-09,49.68,Thursday
2006-11-10,49.68,Friday
2006-11-11,49.68,Saturday
2006-11-12,49.68,Sunday
2006-11-13,2.113   ,Monday
2006-11-14,2.113   ,Tuesday
2006-11-15,2.113   ,Wednesday
2006-11-16,2.113   ,Thursday
2006-11-17,2.113   ,Friday
2006-11-18,2.113   ,Saturday
2006-11-19,2.113   ,Sunday
2006-11-20,50.68,Monday
2006-11-21,50.68,Tuesday
2006-11-22,50.68,Wednesday
2006-11-23,50.68,Thursday
2006-11-24,50.68,Friday
2006-11-25,50.68,Saturday
2006-11-26,50.68,Sunday
2006-11-27,2.130   ,Monday
2006-11-28,2.130   ,Tuesday
2006-11-29,2.130   ,Wednesday
2006-11-30,2.130   ,Thursday
2006-12-01,2.130   ,Friday
2006-12-02,2.130   ,Saturday
2006-12-03,2.130   ,Sunday
2006-12-04,51.68,Monday
2006-12-05,51.68,Tuesday
2006-12-06,51.68,Wednesday
2006-12-07,51.68,Thursday
2006-12-08,51.68,Friday
2006-12-09,51.68,Saturday
2006-12-10,51.68,Sunday
2006-12-11,2.222   ,Monday
2006-12-12,2.222   ,Tuesday
2006-12-13,2.222   ,Wednesday
2006-12-14,2.222   ,Thursday
2006-12-15,2.222   ,Friday
2006-12-16,2.222   ,Saturday
2006-12-17,2.222   ,Sunday
2006-12-18,52.68,Monday
2006-12-19,52.68,Tuesday
2006-12-20,52.68,Wednesday
2006-12-21,52.68,Thursday
2006-12-22,52.68,Friday
2006-12-23,52.68,Saturday
2006-12-24,52.68,Sunday
2006-12-25,2.257   ,Monday
2006-12-26,2.257   ,Tuesday
2006-12-27,2.257   ,Wednesday
2006-12-28,2.257   ,Thursday
2006-12-29,2.257   ,Friday
2006-12-30,2.257   ,Saturday
2006-12-31,2.257   ,Sunday
2007-01-01,53.68,Monday
2007-01-02,53.68,Tuesday
2007-01-03,53.68,Wednesday
2007-01-04,53.68,Thursday
2007-01-05,53.68,Friday
2007-01-06,53.68,Saturday
2007-01-07,53.68,Sunday
2007-01-08,2.215   ,Monday
2007-01-09,2.215   ,Tuesday
2007-01-10,2.215   ,Wednesday
2007-01-11,2.215   ,Thursday
2007-01-12,2.215   ,Friday
2007-01-13,2.215   ,Saturday
2007-01-14,2.215   ,Sunday
2007-01-15,54.68,Monday
2007-01-16,54.68,Tuesday
2007-01-17,54.68,Wednesday
2007-01-18,54.68,Thursday
2007-01-19,54.68,Friday
2007-01-20,54.68,Saturday
2007-01-21,54.68,Sunday
2007-01-22,2.080   ,Monday
2007-01-23,2.080   ,Tuesday
2007-01-24,2.080   ,Wednesday
2007-01-25,2.080   ,Thursday
2007-01-26,2.080   ,Friday
2007-01-27,2.080   ,Saturday
2007-01-28,2.080   ,Sunday
2007-01-29,55.68,Monday
2007-01-30,55.68,Tuesday
2007-01-31,55.68,Wednesday
2007-02-01,55.68,Thursday
2007-02-02,55.68,Friday
2007-02-03,55.68,Saturday
2007-02-04,55.68,Sunday
2007-02-05,2.072   ,Monday
2007-02-06,2.072   ,Tuesday
2007-02-07,2.072   ,Wednesday
2007-02-08,2.072   ,Thursday
2007-02-09,2.072   ,Friday
2007-02-10,2.072   ,Saturday
2007-02-11,2.072   ,Sunday
2007-02-12,56.68,Monday
2007-02-13,56.68,Tuesday
2007-02-14,56.68,Wednesday
2007-02-15,56.68,Thursday
2007-02-16,56.68,Friday
2007-02-17,56.68,Saturday
2007-02-18,56.68,Sunday
2007-02-19,2.166   ,Monday
2007-02-20,2.166   ,Tuesday
2007-02-21,2.166   ,Wednesday
2007-02-22,2.166   ,Thursday
2007-02-23,2.166   ,Friday
2007-02-24,2.166   ,Saturday
2007-02-25,2.166   ,Sunday
2007-02-26,57.68,Monday
2007-02-27,57.68,Tuesday
2007-02-28,57.68,Wednesday
2007-03-01,57.68,Thursday
2007-03-02,57.68,Friday
2007-03-03,57.68,Saturday
2007-03-04,57.68,Sunday
2007-03-05,2.391   ,Monday
2007-03-06,2.391   ,Tuesday
2007-03-07,2.391   ,Wednesday
2007-03-08,2.391   ,Thursday
2007-03-09,2.391   ,Friday
2007-03-10,2.391   ,Saturday
2007-03-11,2.391   ,Sunday
2007-03-12,58.68,Monday
2007-03-13,58.68,Tuesday
2007-03-14,58.68,Wednesday
2007-03-15,58.68,Thursday
2007-03-16,58.68,Friday
2007-03-17,58.68,Saturday
2007-03-18,58.68,Sunday
2007-03-19,2.444   ,Monday
2007-03-20,2.444   ,Tuesday
2007-03-21,2.444   ,Wednesday
2007-03-22,2.444   ,Thursday
2007-03-23,2.444   ,Friday
2007-03-24,2.444   ,Saturday
2007-03-25,2.444   ,Sunday
2007-03-26,59.68,Monday
2007-03-27,59.68,Tuesday
2007-03-28,59.68,Wednesday
2007-03-29,59.68,Thursday
2007-03-30,59.68,Friday
2007-03-31,59.68,Saturday
2007-04-01,59.68,Sunday
2007-04-02,2.638   ,Monday
2007-04-03,2.638   ,Tuesday
2007-04-04,2.638   ,Wednesday
2007-04-05,2.638   ,Thursday
2007-04-06,2.638   ,Friday
2007-04-07,2.638   ,Saturday
2007-04-08,2.638   ,Sunday
2007-04-09,60.68,Monday
2007-04-10,60.68,Tuesday
2007-04-11,60.68,Wednesday
2007-04-12,60.68,Thursday
2007-04-13,60.68,Friday
2007-04-14,60.68,Saturday
2007-04-15,60.68,Sunday
2007-04-16,2.837   ,Monday
2007-04-17,2.837   ,Tuesday
2007-04-18,2.837   ,Wednesday
2007-04-19,2.837   ,Thursday
2007-04-20,2.837   ,Friday
2007-04-21,2.837   ,Saturday
2007-04-22,2.837   ,Sunday
2007-04-23,61.68,Monday
2007-04-24,61.68,Tuesday
2007-04-25,61.68,Wednesday
2007-04-26,61.68,Thursday
2007-04-27,61.68,Friday
2007-04-28,61.68,Saturday
2007-04-29,61.68,Sunday
2007-04-30,2.920   ,Monday
2007-05-01,2.920   ,Tuesday
2007-05-02,2.920   ,Wednesday
2007-05-03,2.920   ,Thursday
2007-05-04,2.920   ,Friday
2007-05-05,2.920   ,Saturday
2007-05-06,2.920   ,Sunday
2007-05-07,62.68,Monday
2007-05-08,62.68,Tuesday
2007-05-09,62.68,Wednesday
2007-05-10,62.68,Thursday
2007-05-11,62.68,Friday
2007-05-12,62.68,Saturday
2007-05-13,62.68,Sunday
2007-05-14,2.944   ,Monday
2007-05-15,2.944   ,Tuesday
2007-05-16,2.944   ,Wednesday
2007-05-17,2.944   ,Thursday
2007-05-18,2.944   ,Friday
2007-05-19,2.944   ,Saturday
2007-05-20,2.944   ,Sunday
2007-05-21,63.68,Monday
2007-05-22,63.68,Tuesday
2007-05-23,63.68,Wednesday
2007-05-24,63.68,Thursday
2007-05-25,63.68,Friday
2007-05-26,63.68,Saturday
2007-05-27,63.68,Sunday
2007-05-28,3.061   ,Monday
2007-05-29,3.061   ,Tuesday
2007-05-30,3.061   ,Wednesday
2007-05-31,3.061   ,Thursday
2007-06-01,3.061   ,Friday
2007-06-02,3.061   ,Saturday
2007-06-03,3.061   ,Sunday
2007-06-04,64.68,Monday
2007-06-05,64.68,Tuesday
2007-06-06,64.68,Wednesday
2007-06-07,64.68,Thursday
2007-06-08,64.68,Friday
2007-06-09,64.68,Saturday
2007-06-10,64.68,Sunday
2007-06-11,2.960   ,Monday
2007-06-12,2.960   ,Tuesday
2007-06-13,2.960   ,Wednesday
2007-06-14,2.960   ,Thursday
2007-06-15,2.960   ,Friday
2007-06-16,2.960   ,Saturday
2007-06-17,2.960   ,Sunday
2007-06-18,65.68,Monday
2007-06-19,65.68,Tuesday
2007-06-20,65.68,Wednesday
2007-06-21,65.68,Thursday
2007-06-22,65.68,Friday
2007-06-23,65.68,Saturday
2007-06-24,65.68,Sunday
2007-06-25,2.873   ,Monday
2007-06-26,2.873   ,Tuesday
2007-06-27,2.873   ,Wednesday
2007-06-28,2.873   ,Thursday
2007-06-29,2.873   ,Friday
2007-06-30,2.873   ,Saturday
2007-07-01,2.873   ,Sunday
2007-07-02,66.68,Monday
2007-07-03,66.68,Tuesday
2007-07-04,66.68,Wednesday
2007-07-05,66.68,Thursday
2007-07-06,66.68,Friday
2007-07-07,66.68,Saturday
2007-07-08,66.68,Sunday
2007-07-09,2.863   ,Monday
2007-07-10,2.863   ,Tuesday
2007-07-11,2.863   ,Wednesday
2007-07-12,2.863   ,Thursday
2007-07-13,2.863   ,Friday
2007-07-14,2.863   ,Saturday
2007-07-15,2.863   ,Sunday
2007-07-16,67.68,Monday
2007-07-17,67.68,Tuesday
2007-07-18,67.68,Wednesday
2007-07-19,67.68,Thursday
2007-07-20,67.68,Friday
2007-07-21,67.68,Saturday
2007-07-22,67.68,Sunday
2007-07-23,2.867   ,Monday
2007-07-24,2.867   ,Tuesday
2007-07-25,2.867   ,Wednesday
2007-07-26,2.867   ,Thursday
2007-07-27,2.867   ,Friday
2007-07-28,2.867   ,Saturday
2007-07-29,2.867   ,Sunday
2007-07-30,68.68,Monday
2007-07-31,68.68,Tuesday
2007-08-01,68.68,Wednesday
2007-08-02,68.68,Thursday
2007-08-03,68.68,Friday
2007-08-04,68.68,Saturday
2007-08-05,68.68,Sunday
2007-08-06,2.736   ,Monday
2007-08-07,2.736   ,Tuesday
2007-08-08,2.736   ,Wednesday
2007-08-09,2.736   ,Thursday
2007-08-10,2.736   ,Friday
2007-08-11,2.736   ,Saturday
2007-08-12,2.736   ,Sunday
2007-08-13,69.68,Monday
2007-08-14,69.68,Tuesday
2007-08-15,69.68,Wednesday
2007-08-16,69.68,Thursday
2007-08-17,69.68,Friday
2007-08-18,69.68,Saturday
2007-08-19,69.68,Sunday
2007-08-20,2.667   ,Monday
2007-08-21,2.667   ,Tuesday
2007-08-22,2.667   ,Wednesday
2007-08-23,2.667   ,Thursday
2007-08-24,2.667   ,Friday
2007-08-25,2.667   ,Saturday
2007-08-26,2.667   ,Sunday
2007-08-27,70.68,Monday
2007-08-28,70.68,Tuesday
2007-08-29,70.68,Wednesday
2007-08-30,70.68,Thursday
2007-08-31,70.68,Friday
2007-09-01,70.68,Saturday
2007-09-02,70.68,Sunday
2007-09-03,2.615   ,Monday
2007-09-04,2.615   ,Tuesday
2007-09-05,2.615   ,Wednesday
2007-09-06,2.615   ,Thursday
2007-09-07,2.615   ,Friday
2007-09-08,2.615   ,Saturday
2007-09-09,2.615   ,Sunday
2007-09-10,71.68,Monday
2007-09-11,71.68,Tuesday
2007-09-12,71.68,Wednesday
2007-09-13,71.68,Thursday
2007-09-14,71.68,Friday
2007-09-15,71.68,Saturday
2007-09-16,71.68,Sunday
2007-09-17,2.650   ,Monday
2007-09-18,2.650   ,Tuesday
2007-09-19,2.650   ,Wednesday
2007-09-20,2.650   ,Thursday
2007-09-21,2.650   ,Friday
2007-09-22,2.650   ,Saturday
2007-09-23,2.650   ,Sunday
2007-09-24,72.68,Monday
2007-09-25,72.68,Tuesday
2007-09-26,72.68,Wednesday
2007-09-27,72.68,Thursday
2007-09-28,72.68,Friday
2007-09-29,72.68,Saturday
2007-09-30,72.68,Sunday
2007-10-01,2.670   ,Monday
2007-10-02,2.670   ,Tuesday
2007-10-03,2.670   ,Wednesday
2007-10-04,2.670   ,Thursday
2007-10-05,2.670   ,Friday
2007-10-06,2.670   ,Saturday
2007-10-07,2.670   ,Sunday
2007-10-08,73.68,Monday
2007-10-09,73.68,Tuesday
2007-10-10,73.68,Wednesday
2007-10-11,73.68,Thursday
2007-10-12,73.68,Friday
2007-10-13,73.68,Saturday
2007-10-14,73.68,Sunday
2007-10-15,2.625   ,Monday
2007-10-16,2.625   ,Tuesday
2007-10-17,2.625   ,Wednesday
2007-10-18,2.625   ,Thursday
2007-10-19,2.625   ,Friday
2007-10-20,2.625   ,Saturday
2007-10-21,2.625   ,Sunday
2007-10-22,74.68,Monday
2007-10-23,74.68,Tuesday
2007-10-24,74.68,Wednesday
2007-10-25,74.68,Thursday
2007-10-26,74.68,Friday
2007-10-27,74.68,Saturday
2007-10-28,74.68,Sunday
2007-10-29,2.723   ,Monday
2007-10-30,2.723   ,Tuesday
2007-10-31,2.723   ,Wednesday
2007-11-01,2.723   ,Thursday
2007-11-02,2.723   ,Friday
2007-11-03,2.723   ,Saturday
2007-11-04,2.723   ,Sunday
2007-11-05,75.68,Monday
2007-11-06,75.68,Tuesday
2007-11-07,75.68,Wednesday
2007-11-08,75.68,Thursday
2007-11-09,75.68,Friday
2007-11-10,75.68,Saturday
2007-11-11,75.68,Sunday
2007-11-12,3.003   ,Monday
2007-11-13,3.003   ,Tuesday
2007-11-14,3.003   ,Wednesday
2007-11-15,3.003   ,Thursday
2007-11-16,3.003   ,Friday
2007-11-17,3.003   ,Saturday
2007-11-18,3.003   ,Sunday
2007-11-19,76.68,Monday
2007-11-20,76.68,Tuesday
2007-11-21,76.68,Wednesday
2007-11-22,76.68,Thursday
2007-11-23,76.68,Friday
2007-11-24,76.68,Saturday
2007-11-25,76.68,Sunday
2007-11-26,3.004   ,Monday
2007-11-27,3.004   ,Tuesday
2007-11-28,3.004   ,Wednesday
2007-11-29,3.004   ,Thursday
2007-11-30,3.004   ,Friday
2007-12-01,3.004   ,Saturday
2007-12-02,3.004   ,Sunday
2007-12-03,77.68,Monday
2007-12-04,77.68,Tuesday
2007-12-05,77.68,Wednesday
2007-12-06,77.68,Thursday
2007-12-07,77.68,Friday
2007-12-08,77.68,Saturday
2007-12-09,77.68,Sunday
2007-12-10,2.909   ,Monday
2007-12-11,2.909   ,Tuesday
2007-12-12,2.909   ,Wednesday
2007-12-13,2.909   ,Thursday
2007-12-14,2.909   ,Friday
2007-12-15,2.909   ,Saturday
2007-12-16,2.909   ,Sunday
2007-12-17,78.68,Monday
2007-12-18,78.68,Tuesday
2007-12-19,78.68,Wednesday
2007-12-20,78.68,Thursday
2007-12-21,78.68,Friday
2007-12-22,78.68,Saturday
2007-12-23,78.68,Sunday
2007-12-24,2.872   ,Monday
2007-12-25,2.872   ,Tuesday
2007-12-26,2.872   ,Wednesday
2007-12-27,2.872   ,Thursday
2007-12-28,2.872   ,Friday
2007-12-29,2.872   ,Saturday
2007-12-30,2.872   ,Sunday
2007-12-31,79.68,Monday
2008-01-01,79.68,Tuesday
2008-01-02,79.68,Wednesday
2008-01-03,79.68,Thursday
2008-01-04,79.68,Friday
2008-01-05,79.68,Saturday
2008-01-06,79.68,Sunday
2008-01-07,3.014   ,Monday
2008-01-08,3.014   ,Tuesday
2008-01-09,3.014   ,Wednesday
2008-01-10,3.014   ,Thursday
2008-01-11,3.014   ,Friday
2008-01-12,3.014   ,Saturday
2008-01-13,3.014   ,Sunday
2008-01-14,80.68,Monday
2008-01-15,80.68,Tuesday
2008-01-16,80.68,Wednesday
2008-01-17,80.68,Thursday
2008-01-18,80.68,Friday
2008-01-19,80.68,Saturday
2008-01-20,80.68,Sunday
2008-01-21,2.920   ,Monday
2008-01-22,2.920   ,Tuesday
2008-01-23,2.920   ,Wednesday
2008-01-24,2.920   ,Thursday
2008-01-25,2.920   ,Friday
2008-01-26,2.920   ,Saturday
2008-01-27,2.920   ,Sunday
2008-01-28,81.68,Monday
2008-01-29,81.68,Tuesday
2008-01-30,81.68,Wednesday
2008-01-31,81.68,Thursday
2008-02-01,81.68,Friday
2008-02-02,81.68,Saturday
2008-02-03,81.68,Sunday
2008-02-04,2.876   ,Monday
2008-02-05,2.876   ,Tuesday
2008-02-06,2.876   ,Wednesday
2008-02-07,2.876   ,Thursday
2008-02-08,2.876   ,Friday
2008-02-09,2.876   ,Saturday
2008-02-10,2.876   ,Sunday
2008-02-11,82.68,Monday
2008-02-12,82.68,Tuesday
2008-02-13,82.68,Wednesday
2008-02-14,82.68,Thursday
2008-02-15,82.68,Friday
2008-02-16,82.68,Saturday
2008-02-17,82.68,Sunday
2008-02-18,2.959   ,Monday
2008-02-19,2.959   ,Tuesday
2008-02-20,2.959   ,Wednesday
2008-02-21,2.959   ,Thursday
2008-02-22,2.959   ,Friday
2008-02-23,2.959   ,Saturday
2008-02-24,2.959   ,Sunday
2008-02-25,83.68,Monday
2008-02-26,83.68,Tuesday
2008-02-27,83.68,Wednesday
2008-02-28,83.68,Thursday
2008-02-29,83.68,Friday
2008-03-01,83.68,Saturday
2008-03-02,83.68,Sunday
2008-03-03,3.117   ,Monday
2008-03-04,3.117   ,Tuesday
2008-03-05,3.117   ,Wednesday
2008-03-06,3.117   ,Thursday
2008-03-07,3.117   ,Friday
2008-03-08,3.117   ,Saturday
2008-03-09,3.117   ,Sunday
2008-03-10,84.68,Monday
2008-03-11,84.68,Tuesday
2008-03-12,84.68,Wednesday
2008-03-13,84.68,Thursday
2008-03-14,84.68,Friday
2008-03-15,84.68,Saturday
2008-03-16,84.68,Sunday
2008-03-17,3.218   ,Monday
2008-03-18,3.218   ,Tuesday
2008-03-19,3.218   ,Wednesday
2008-03-20,3.218   ,Thursday
2008-03-21,3.218   ,Friday
2008-03-22,3.218   ,Saturday
2008-03-23,3.218   ,Sunday
2008-03-24,85.68,Monday
2008-03-25,85.68,Tuesday
2008-03-26,85.68,Wednesday
2008-03-27,85.68,Thursday
2008-03-28,85.68,Friday
2008-03-29,85.68,Saturday
2008-03-30,85.68,Sunday
2008-03-31,3.240   ,Monday
2008-04-01,3.240   ,Tuesday
2008-04-02,3.240   ,Wednesday
2008-04-03,3.240   ,Thursday
2008-04-04,3.240   ,Friday
2008-04-05,3.240   ,Saturday
2008-04-06,3.240   ,Sunday
2008-04-07,86.68,Monday
2008-04-08,86.68,Tuesday
2008-04-09,86.68,Wednesday
2008-04-10,86.68,Thursday
2008-04-11,86.68,Friday
2008-04-12,86.68,Saturday
2008-04-13,86.68,Sunday
2008-04-14,3.312   ,Monday
2008-04-15,3.312   ,Tuesday
2008-04-16,3.312   ,Wednesday
2008-04-17,3.312   ,Thursday
2008-04-18,3.312   ,Friday
2008-04-19,3.312   ,Saturday
2008-04-20,3.312   ,Sunday
2008-04-21,87.68,Monday
2008-04-22,87.68,Tuesday
2008-04-23,87.68,Wednesday
2008-04-24,87.68,Thursday
2008-04-25,87.68,Friday
2008-04-26,87.68,Saturday
2008-04-27,87.68,Sunday
2008-04-28,3.529   ,Monday
2008-04-29,3.529   ,Tuesday
2008-04-30,3.529   ,Wednesday
2008-05-01,3.529   ,Thursday
2008-05-02,3.529   ,Friday
2008-05-03,3.529   ,Saturday
2008-05-04,3.529   ,Sunday
2008-05-05,88.68,Monday
2008-05-06,88.68,Tuesday
2008-05-07,88.68,Wednesday
2008-05-08,88.68,Thursday
2008-05-09,88.68,Friday
2008-05-10,88.68,Saturday
2008-05-11,88.68,Sunday
2008-05-12,3.657   ,Monday
2008-05-13,3.657   ,Tuesday
2008-05-14,3.657   ,Wednesday
2008-05-15,3.657   ,Thursday
2008-05-16,3.657   ,Friday
2008-05-17,3.657   ,Saturday
2008-05-18,3.657   ,Sunday
2008-05-19,89.68,Monday
2008-05-20,89.68,Tuesday
2008-05-21,89.68,Wednesday
2008-05-22,89.68,Thursday
2008-05-23,89.68,Friday
2008-05-24,89.68,Saturday
2008-05-25,89.68,Sunday
2008-05-26,3.883   ,Monday
2008-05-27,3.883   ,Tuesday
2008-05-28,3.883   ,Wednesday
2008-05-29,3.883   ,Thursday
2008-05-30,3.883   ,Friday
2008-05-31,3.883   ,Saturday
2008-06-01,3.883   ,Sunday
2008-06-02,90.68,Monday
2008-06-03,90.68,Tuesday
2008-06-04,90.68,Wednesday
2008-06-05,90.68,Thursday
2008-06-06,90.68,Friday
2008-06-07,90.68,Saturday
2008-06-08,90.68,Sunday
2008-06-09,3.949   ,Monday
2008-06-10,3.949   ,Tuesday
2008-06-11,3.949   ,Wednesday
2008-06-12,3.949   ,Thursday
2008-06-13,3.949   ,Friday
2008-06-14,3.949   ,Saturday
2008-06-15,3.949   ,Sunday
2008-06-16,91.68,Monday
2008-06-17,91.68,Tuesday
2008-06-18,91.68,Wednesday
2008-06-19,91.68,Thursday
2008-06-20,91.68,Friday
2008-06-21,91.68,Saturday
2008-06-22,91.68,Sunday
2008-06-23,3.987   ,Monday
2008-06-24,3.987   ,Tuesday
2008-06-25,3.987   ,Wednesday
2008-06-26,3.987   ,Thursday
2008-06-27,3.987   ,Friday
2008-06-28,3.987   ,Saturday
2008-06-29,3.987   ,Sunday
2008-06-30,92.68,Monday
2008-07-01,92.68,Tuesday
2008-07-02,92.68,Wednesday
2008-07-03,92.68,Thursday
2008-07-04,92.68,Friday
2008-07-05,92.68,Saturday
2008-07-06,92.68,Sunday
2008-07-07,4.019   ,Monday
2008-07-08,4.019   ,Tuesday
2008-07-09,4.019   ,Wednesday
2008-07-10,4.019   ,Thursday
2008-07-11,4.019   ,Friday
2008-07-12,4.019   ,Saturday
2008-07-13,4.019   ,Sunday
2008-07-14,93.68,Monday
2008-07-15,93.68,Tuesday
2008-07-16,93.68,Wednesday
2008-07-17,93.68,Thursday
2008-07-18,93.68,Friday
2008-07-19,93.68,Saturday
2008-07-20,93.68,Sunday
2008-07-21,3.977   ,Monday
2008-07-22,3.977   ,Tuesday
2008-07-23,3.977   ,Wednesday
2008-07-24,3.977   ,Thursday
2008-07-25,3.977   ,Friday
2008-07-26,3.977   ,Saturday
2008-07-27,3.977   ,Sunday
2008-07-28,94.68,Monday
2008-07-29,94.68,Tuesday
2008-07-30,94.68,Wednesday
2008-07-31,94.68,Thursday
2008-08-01,94.68,Friday
2008-08-02,94.68,Saturday
2008-08-03,94.68,Sunday
2008-08-04,3.776   ,Monday
2008-08-05,3.776   ,Tuesday
2008-08-06,3.776   ,Wednesday
2008-08-07,3.776   ,Thursday
2008-08-08,3.776   ,Friday
2008-08-09,3.776   ,Saturday
2008-08-10,3.776   ,Sunday
2008-08-11,95.68,Monday
2008-08-12,95.68,Tuesday
2008-08-13,95.68,Wednesday
2008-08-14,95.68,Thursday
2008-08-15,95.68,Friday
2008-08-16,95.68,Saturday
2008-08-17,95.68,Sunday
2008-08-18,3.583   ,Monday
2008-08-19,3.583   ,Tuesday
2008-08-20,3.583   ,Wednesday
2008-08-21,3.583   ,Thursday
2008-08-22,3.583   ,Friday
2008-08-23,3.583   ,Saturday
2008-08-24,3.583   ,Sunday
2008-08-25,96.68,Monday
2008-08-26,96.68,Tuesday
2008-08-27,96.68,Wednesday
2008-08-28,96.68,Thursday
2008-08-29,96.68,Friday
2008-08-30,96.68,Saturday
2008-08-31,96.68,Sunday
2008-09-01,3.525   ,Monday
2008-09-02,3.525   ,Tuesday
2008-09-03,3.525   ,Wednesday
2008-09-04,3.525   ,Thursday
2008-09-05,3.525   ,Friday
2008-09-06,3.525   ,Saturday
2008-09-07,3.525   ,Sunday
2008-09-08,97.68,Monday
2008-09-09,97.68,Tuesday
2008-09-10,97.68,Wednesday
2008-09-11,97.68,Thursday
2008-09-12,97.68,Friday
2008-09-13,97.68,Saturday
2008-09-14,97.68,Sunday
2008-09-15,3.760   ,Monday
2008-09-16,3.760   ,Tuesday
2008-09-17,3.760   ,Wednesday
2008-09-18,3.760   ,Thursday
2008-09-19,3.760   ,Friday
2008-09-20,3.760   ,Saturday
2008-09-21,3.760   ,Sunday
2008-09-22,98.68,Monday
2008-09-23,98.68,Tuesday
2008-09-24,98.68,Wednesday
2008-09-25,98.68,Thursday
2008-09-26,98.68,Friday
2008-09-27,98.68,Saturday
2008-09-28,98.68,Sunday
2008-09-29,3.607   ,Monday
2008-09-30,3.607   ,Tuesday
2008-10-01,3.607   ,Wednesday
2008-10-02,3.607   ,Thursday
2008-10-03,3.607   ,Friday
2008-10-04,3.607   ,Saturday
2008-10-05,3.607   ,Sunday
2008-10-06,99.68,Monday
2008-10-07,99.68,Tuesday
2008-10-08,99.68,Wednesday
2008-10-09,99.68,Thursday
2008-10-10,99.68,Friday
2008-10-11,99.68,Saturday
2008-10-12,99.68,Sunday
2008-10-13,3.038   ,Monday
2008-10-14,3.038   ,Tuesday
2008-10-15,3.038   ,Wednesday
2008-10-16,3.038   ,Thursday
2008-10-17,3.038   ,Friday
2008-10-18,3.038   ,Saturday
2008-10-19,3.038   ,Sunday
2008-10-20,100.68,Monday
2008-10-21,100.68,Tuesday
2008-10-22,100.68,Wednesday
2008-10-23,100.68,Thursday
2008-10-24,100.68,Friday
2008-10-25,100.68,Saturday
2008-10-26,100.68,Sunday
2008-10-27,2.480   ,Monday
2008-10-28,2.480   ,Tuesday
2008-10-29,2.480   ,Wednesday
2008-10-30,2.480   ,Thursday
2008-10-31,2.480   ,Friday
2008-11-01,2.480   ,Saturday
2008-11-02,2.480   ,Sunday
2008-11-03,101.68,Monday
2008-11-04,101.68,Tuesday
2008-11-05,101.68,Wednesday
2008-11-06,101.68,Thursday
2008-11-07,101.68,Friday
2008-11-08,101.68,Saturday
2008-11-09,101.68,Sunday
2008-11-10,2.092   ,Monday
2008-11-11,2.092   ,Tuesday
2008-11-12,2.092   ,Wednesday
2008-11-13,2.092   ,Thursday
2008-11-14,2.092   ,Friday
2008-11-15,2.092   ,Saturday
2008-11-16,2.092   ,Sunday
2008-11-17,102.68,Monday
2008-11-18,102.68,Tuesday
2008-11-19,102.68,Wednesday
2008-11-20,102.68,Thursday
2008-11-21,102.68,Friday
2008-11-22,102.68,Saturday
2008-11-23,102.68,Sunday
2008-11-24,1.808   ,Monday
2008-11-25,1.808   ,Tuesday
2008-11-26,1.808   ,Wednesday
2008-11-27,1.808   ,Thursday
2008-11-28,1.808   ,Friday
2008-11-29,1.808   ,Saturday
2008-11-30,1.808   ,Sunday
2008-12-01,103.68,Monday
2008-12-02,103.68,Tuesday
2008-12-03,103.68,Wednesday
2008-12-04,103.68,Thursday
2008-12-05,103.68,Friday
2008-12-06,103.68,Saturday
2008-12-07,103.68,Sunday
2008-12-08,1.637   ,Monday
2008-12-09,1.637   ,Tuesday
2008-12-10,1.637   ,Wednesday
2008-12-11,1.637   ,Thursday
2008-12-12,1.637   ,Friday
2008-12-13,1.637   ,Saturday
2008-12-14,1.637   ,Sunday
2008-12-15,104.68,Monday
2008-12-16,104.68,Tuesday
2008-12-17,104.68,Wednesday
2008-12-18,104.68,Thursday
2008-12-19,104.68,Friday
2008-12-20,104.68,Saturday
2008-12-21,104.68,Sunday
2008-12-22,1.580   ,Monday
2008-12-23,1.580   ,Tuesday
2008-12-24,1.580   ,Wednesday
2008-12-25,1.580   ,Thursday
2008-12-26,1.580   ,Friday
2008-12-27,1.580   ,Saturday
2008-12-28,1.580   ,Sunday
2008-12-29,105.68,Monday
2008-12-30,105.68,Tuesday
2008-12-31,105.68,Wednesday
2009-01-01,105.68,Thursday
2009-01-02,105.68,Friday
2009-01-03,105.68,Saturday
2009-01-04,105.68,Sunday
2009-01-05,1.554   ,Monday
2009-01-06,1.554   ,Tuesday
2009-01-07,1.554   ,Wednesday
2009-01-08,1.554   ,Thursday
2009-01-09,1.554   ,Friday
2009-01-10,1.554   ,Saturday
2009-01-11,1.554   ,Sunday
2009-01-12,106.68,Monday
2009-01-13,106.68,Tuesday
2009-01-14,106.68,Wednesday
2009-01-15,106.68,Thursday
2009-01-16,106.68,Friday
2009-01-17,106.68,Saturday
2009-01-18,106.68,Sunday
2009-01-19,1.743   ,Monday
2009-01-20,1.743   ,Tuesday
2009-01-21,1.743   ,Wednesday
2009-01-22,1.743   ,Thursday
2009-01-23,1.743   ,Friday
2009-01-24,1.743   ,Saturday
2009-01-25,1.743   ,Sunday
2009-01-26,107.68,Monday
2009-01-27,107.68,Tuesday
2009-01-28,107.68,Wednesday
2009-01-29,107.68,Thursday
2009-01-30,107.68,Friday
2009-01-31,107.68,Saturday
2009-02-01,107.68,Sunday
2009-02-02,1.804   ,Monday
2009-02-03,1.804   ,Tuesday
2009-02-04,1.804   ,Wednesday
2009-02-05,1.804   ,Thursday
2009-02-06,1.804   ,Friday
2009-02-07,1.804   ,Saturday
2009-02-08,1.804   ,Sunday
2009-02-09,108.68,Monday
2009-02-10,108.68,Tuesday
2009-02-11,108.68,Wednesday
2009-02-12,108.68,Thursday
2009-02-13,108.68,Friday
2009-02-14,108.68,Saturday
2009-02-15,108.68,Sunday
2009-02-16,1.875   ,Monday
2009-02-17,1.875   ,Tuesday
2009-02-18,1.875   ,Wednesday
2009-02-19,1.875   ,Thursday
2009-02-20,1.875   ,Friday
2009-02-21,1.875   ,Saturday
2009-02-22,1.875   ,Sunday
2009-02-23,109.68,Monday
2009-02-24,109.68,Tuesday
2009-02-25,109.68,Wednesday
2009-02-26,109.68,Thursday
2009-02-27,109.68,Friday
2009-02-28,109.68,Saturday
2009-03-01,109.68,Sunday
2009-03-02,1.827   ,Monday
2009-03-03,1.827   ,Tuesday
2009-03-04,1.827   ,Wednesday
2009-03-05,1.827   ,Thursday
2009-03-06,1.827   ,Friday
2009-03-07,1.827   ,Saturday
2009-03-08,1.827   ,Sunday
2009-03-09,110.68,Monday
2009-03-10,110.68,Tuesday
2009-03-11,110.68,Wednesday
2009-03-12,110.68,Thursday
2009-03-13,110.68,Friday
2009-03-14,110.68,Saturday
2009-03-15,110.68,Sunday
2009-03-16,1.832   ,Monday
2009-03-17,1.832   ,Tuesday
2009-03-18,1.832   ,Wednesday
2009-03-19,1.832   ,Thursday
2009-03-20,1.832   ,Friday
2009-03-21,1.832   ,Saturday
2009-03-22,1.832   ,Sunday
2009-03-23,111.68,Monday
2009-03-24,111.68,Tuesday
2009-03-25,111.68,Wednesday
2009-03-26,111.68,Thursday
2009-03-27,111.68,Friday
2009-03-28,111.68,Saturday
2009-03-29,111.68,Sunday
2009-03-30,1.963   ,Monday
2009-03-31,1.963   ,Tuesday
2009-04-01,1.963   ,Wednesday
2009-04-02,1.963   ,Thursday
2009-04-03,1.963   ,Friday
2009-04-04,1.963   ,Saturday
2009-04-05,1.963   ,Sunday
2009-04-06,112.68,Monday
2009-04-07,112.68,Tuesday
2009-04-08,112.68,Wednesday
2009-04-09,112.68,Thursday
2009-04-10,112.68,Friday
2009-04-11,112.68,Saturday
2009-04-12,112.68,Sunday
2009-04-13,1.974   ,Monday
2009-04-14,1.974   ,Tuesday
2009-04-15,1.974   ,Wednesday
2009-04-16,1.974   ,Thursday
2009-04-17,1.974   ,Friday
2009-04-18,1.974   ,Saturday
2009-04-19,1.974   ,Sunday
2009-04-20,113.68,Monday
2009-04-21,113.68,Tuesday
2009-04-22,113.68,Wednesday
2009-04-23,113.68,Thursday
2009-04-24,113.68,Friday
2009-04-25,113.68,Saturday
2009-04-26,113.68,Sunday
2009-04-27,1.966   ,Monday
2009-04-28,1.966   ,Tuesday
2009-04-29,1.966   ,Wednesday
2009-04-30,1.966   ,Thursday
2009-05-01,1.966   ,Friday
2009-05-02,1.966   ,Saturday
2009-05-03,1.966   ,Sunday
2009-05-04,114.68,Monday
2009-05-05,114.68,Tuesday
2009-05-06,114.68,Wednesday
2009-05-07,114.68,Thursday
2009-05-08,114.68,Friday
2009-05-09,114.68,Saturday
2009-05-10,114.68,Sunday
2009-05-11,2.147   ,Monday
2009-05-12,2.147   ,Tuesday
2009-05-13,2.147   ,Wednesday
2009-05-14,2.147   ,Thursday
2009-05-15,2.147   ,Friday
2009-05-16,2.147   ,Saturday
2009-05-17,2.147   ,Sunday
2009-05-18,115.68,Monday
2009-05-19,115.68,Tuesday
2009-05-20,115.68,Wednesday
2009-05-21,115.68,Thursday
2009-05-22,115.68,Friday
2009-05-23,115.68,Saturday
2009-05-24,115.68,Sunday
2009-05-25,2.344   ,Monday
2009-05-26,2.344   ,Tuesday
2009-05-27,2.344   ,Wednesday
2009-05-28,2.344   ,Thursday
2009-05-29,2.344   ,Friday
2009-05-30,2.344   ,Saturday
2009-05-31,2.344   ,Sunday
2009-06-01,116.68,Monday
2009-06-02,116.68,Tuesday
2009-06-03,116.68,Wednesday
2009-06-04,116.68,Thursday
2009-06-05,116.68,Friday
2009-06-06,116.68,Saturday
2009-06-07,116.68,Sunday
2009-06-08,2.478   ,Monday
2009-06-09,2.478   ,Tuesday
2009-06-10,2.478   ,Wednesday
2009-06-11,2.478   ,Thursday
2009-06-12,2.478   ,Friday
2009-06-13,2.478   ,Saturday
2009-06-14,2.478   ,Sunday
2009-06-15,117.68,Monday
2009-06-16,117.68,Tuesday
2009-06-17,117.68,Wednesday
2009-06-18,117.68,Thursday
2009-06-19,117.68,Friday
2009-06-20,117.68,Saturday
2009-06-21,117.68,Sunday
2009-06-22,2.573   ,Monday
2009-06-23,2.573   ,Tuesday
2009-06-24,2.573   ,Wednesday
2009-06-25,2.573   ,Thursday
2009-06-26,2.573   ,Friday
2009-06-27,2.573   ,Saturday
2009-06-28,2.573   ,Sunday
2009-06-29,118.68,Monday
2009-06-30,118.68,Tuesday
2009-07-01,118.68,Wednesday
2009-07-02,118.68,Thursday
2009-07-03,118.68,Friday
2009-07-04,118.68,Saturday
2009-07-05,118.68,Sunday
2009-07-06,2.493   ,Monday
2009-07-07,2.493   ,Tuesday
2009-07-08,2.493   ,Wednesday
2009-07-09,2.493   ,Thursday
2009-07-10,2.493   ,Friday
2009-07-11,2.493   ,Saturday
2009-07-12,2.493   ,Sunday
2009-07-13,119.68,Monday
2009-07-14,119.68,Tuesday
2009-07-15,119.68,Wednesday
2009-07-16,119.68,Thursday
2009-07-17,119.68,Friday
2009-07-18,119.68,Saturday
2009-07-19,119.68,Sunday
2009-07-20,2.347   ,Monday
2009-07-21,2.347   ,Tuesday
2009-07-22,2.347   ,Wednesday
2009-07-23,2.347   ,Thursday
2009-07-24,2.347   ,Friday
2009-07-25,2.347   ,Saturday
2009-07-26,2.347   ,Sunday
2009-07-27,120.68,Monday
2009-07-28,120.68,Tuesday
2009-07-29,120.68,Wednesday
2009-07-30,120.68,Thursday
2009-07-31,120.68,Friday
2009-08-01,120.68,Saturday
2009-08-02,120.68,Sunday
2009-08-03,2.445   ,Monday
2009-08-04,2.445   ,Tuesday
2009-08-05,2.445   ,Wednesday
2009-08-06,2.445   ,Thursday
2009-08-07,2.445   ,Friday
2009-08-08,2.445   ,Saturday
2009-08-09,2.445   ,Sunday
2009-08-10,121.68,Monday
2009-08-11,121.68,Tuesday
2009-08-12,121.68,Wednesday
2009-08-13,121.68,Thursday
2009-08-14,121.68,Friday
2009-08-15,121.68,Saturday
2009-08-16,121.68,Sunday
2009-08-17,2.543   ,Monday
2009-08-18,2.543   ,Tuesday
2009-08-19,2.543   ,Wednesday
2009-08-20,2.543   ,Thursday
2009-08-21,2.543   ,Friday
2009-08-22,2.543   ,Saturday
2009-08-23,2.543   ,Sunday
2009-08-24,122.68,Monday
2009-08-25,122.68,Tuesday
2009-08-26,122.68,Wednesday
2009-08-27,122.68,Thursday
2009-08-28,122.68,Friday
2009-08-29,122.68,Saturday
2009-08-30,122.68,Sunday
2009-08-31,2.498   ,Monday
2009-09-01,2.498   ,Tuesday
2009-09-02,2.498   ,Wednesday
2009-09-03,2.498   ,Thursday
2009-09-04,2.498   ,Friday
2009-09-05,2.498   ,Saturday
2009-09-06,2.498   ,Sunday
2009-09-07,123.68,Monday
2009-09-08,123.68,Tuesday
2009-09-09,123.68,Wednesday
2009-09-10,123.68,Thursday
2009-09-11,123.68,Friday
2009-09-12,123.68,Saturday
2009-09-13,123.68,Sunday
2009-09-14,2.425   ,Monday
2009-09-15,2.425   ,Tuesday
2009-09-16,2.425   ,Wednesday
2009-09-17,2.425   ,Thursday
2009-09-18,2.425   ,Friday
2009-09-19,2.425   ,Saturday
2009-09-20,2.425   ,Sunday
2009-09-21,124.68,Monday
2009-09-22,124.68,Tuesday
2009-09-23,124.68,Wednesday
2009-09-24,124.68,Thursday
2009-09-25,124.68,Friday
2009-09-26,124.68,Saturday
2009-09-27,124.68,Sunday
2009-09-28,2.331   ,Monday
2009-09-29,2.331   ,Tuesday
2009-09-30,2.331   ,Wednesday
2009-10-01,2.331   ,Thursday
2009-10-02,2.331   ,Friday
2009-10-03,2.331   ,Saturday
2009-10-04,2.331   ,Sunday
2009-10-05,125.68,Monday
2009-10-06,125.68,Tuesday
2009-10-07,125.68,Wednesday
2009-10-08,125.68,Thursday
2009-10-09,125.68,Friday
2009-10-10,125.68,Saturday
2009-10-11,125.68,Sunday
2009-10-12,2.329   ,Monday
2009-10-13,2.329   ,Tuesday
2009-10-14,2.329   ,Wednesday
2009-10-15,2.329   ,Thursday
2009-10-16,2.329   ,Friday
2009-10-17,2.329   ,Saturday
2009-10-18,2.329   ,Sunday
2009-10-19,126.68,Monday
2009-10-20,126.68,Tuesday
2009-10-21,126.68,Wednesday
2009-10-22,126.68,Thursday
2009-10-23,126.68,Friday
2009-10-24,126.68,Saturday
2009-10-25,126.68,Sunday
2009-10-26,2.575   ,Monday
2009-10-27,2.575   ,Tuesday
2009-10-28,2.575   ,Wednesday
2009-10-29,2.575   ,Thursday
2009-10-30,2.575   ,Friday
2009-10-31,2.575   ,Saturday
2009-11-01,2.575   ,Sunday
2009-11-02,127.68,Monday
2009-11-03,127.68,Tuesday
2009-11-04,127.68,Wednesday
2009-11-05,127.68,Thursday
2009-11-06,127.68,Friday
2009-11-07,127.68,Saturday
2009-11-08,127.68,Sunday
2009-11-09,2.583   ,Monday
2009-11-10,2.583   ,Tuesday
2009-11-11,2.583   ,Wednesday
2009-11-12,2.583   ,Thursday
2009-11-13,2.583   ,Friday
2009-11-14,2.583   ,Saturday
2009-11-15,2.583   ,Sunday
2009-11-16,128.68,Monday
2009-11-17,128.68,Tuesday
2009-11-18,128.68,Wednesday
2009-11-19,128.68,Thursday
2009-11-20,128.68,Friday
2009-11-21,128.68,Saturday
2009-11-22,128.68,Sunday
2009-11-23,2.552   ,Monday
2009-11-24,2.552   ,Tuesday
2009-11-25,2.552   ,Wednesday
2009-11-26,2.552   ,Thursday
2009-11-27,2.552   ,Friday
2009-11-28,2.552   ,Saturday
2009-11-29,2.552   ,Sunday
2009-11-30,129.68,Monday
2009-12-01,129.68,Tuesday
2009-12-02,129.68,Wednesday
2009-12-03,129.68,Thursday
2009-12-04,129.68,Friday
2009-12-05,129.68,Saturday
2009-12-06,129.68,Sunday
2009-12-07,2.552   ,Monday
2009-12-08,2.552   ,Tuesday
2009-12-09,2.552   ,Wednesday
2009-12-10,2.552   ,Thursday
2009-12-11,2.552   ,Friday
2009-12-12,2.552   ,Saturday
2009-12-13,2.552   ,Sunday
2009-12-14,130.68,Monday
2009-12-15,130.68,Tuesday
2009-12-16,130.68,Wednesday
2009-12-17,130.68,Thursday
2009-12-18,130.68,Friday
2009-12-19,130.68,Saturday
2009-12-20,130.68,Sunday
2009-12-21,2.522   ,Monday
2009-12-22,2.522   ,Tuesday
2009-12-23,2.522   ,Wednesday
2009-12-24,2.522   ,Thursday
2009-12-25,2.522   ,Friday
2009-12-26,2.522   ,Saturday
2009-12-27,2.522   ,Sunday
2009-12-28,131.68,Monday
2009-12-29,131.68,Tuesday
2009-12-30,131.68,Wednesday
2009-12-31,131.68,Thursday
2010-01-01,131.68,Friday
2010-01-02,131.68,Saturday
2010-01-03,131.68,Sunday
2010-01-04,2.563   ,Monday
2010-01-05,2.563   ,Tuesday
2010-01-06,2.563   ,Wednesday
2010-01-07,2.563   ,Thursday
2010-01-08,2.563   ,Friday
2010-01-09,2.563   ,Saturday
2010-01-10,2.563   ,Sunday
2010-01-11,132.68,Monday
2010-01-12,132.68,Tuesday
2010-01-13,132.68,Wednesday
2010-01-14,132.68,Thursday
2010-01-15,132.68,Friday
2010-01-16,132.68,Saturday
2010-01-17,132.68,Sunday
2010-01-18,2.677   ,Monday
2010-01-19,2.677   ,Tuesday
2010-01-20,2.677   ,Wednesday
2010-01-21,2.677   ,Thursday
2010-01-22,2.677   ,Friday
2010-01-23,2.677   ,Saturday
2010-01-24,2.677   ,Sunday
2010-01-25,133.68,Monday
2010-01-26,133.68,Tuesday
2010-01-27,133.68,Wednesday
2010-01-28,133.68,Thursday
2010-01-29,133.68,Friday
2010-01-30,133.68,Saturday
2010-01-31,133.68,Sunday
2010-02-01,2.602   ,Monday
2010-02-02,2.602   ,Tuesday
2010-02-03,2.602   ,Wednesday
2010-02-04,2.602   ,Thursday
2010-02-05,2.602   ,Friday
2010-02-06,2.602   ,Saturday
2010-02-07,2.602   ,Sunday
2010-02-08,134.68,Monday
2010-02-09,134.68,Tuesday
2010-02-10,134.68,Wednesday
2010-02-11,134.68,Thursday
2010-02-12,134.68,Friday
2010-02-13,134.68,Saturday
2010-02-14,134.68,Sunday
2010-02-15,2.543   ,Monday
2010-02-16,2.543   ,Tuesday
2010-02-17,2.543   ,Wednesday
2010-02-18,2.543   ,Thursday
2010-02-19,2.543   ,Friday
2010-02-20,2.543   ,Saturday
2010-02-21,2.543   ,Sunday
2010-02-22,135.68,Monday
2010-02-23,135.68,Tuesday
2010-02-24,135.68,Wednesday
2010-02-25,135.68,Thursday
2010-02-26,135.68,Friday
2010-02-27,135.68,Saturday
2010-02-28,135.68,Sunday
2010-03-01,2.604   ,Monday
2010-03-02,2.604   ,Tuesday
2010-03-03,2.604   ,Wednesday
2010-03-04,2.604   ,Thursday
2010-03-05,2.604   ,Friday
2010-03-06,2.604   ,Saturday
2010-03-07,2.604   ,Sunday
2010-03-08,136.68,Monday
2010-03-09,136.68,Tuesday
2010-03-10,136.68,Wednesday
2010-03-11,136.68,Thursday
2010-03-12,136.68,Friday
2010-03-13,136.68,Saturday
2010-03-14,136.68,Sunday
2010-03-15,2.723   ,Monday
2010-03-16,2.723   ,Tuesday
2010-03-17,2.723   ,Wednesday
2010-03-18,2.723   ,Thursday
2010-03-19,2.723   ,Friday
2010-03-20,2.723   ,Saturday
2010-03-21,2.723   ,Sunday
2010-03-22,137.68,Monday
2010-03-23,137.68,Tuesday
2010-03-24,137.68,Wednesday
2010-03-25,137.68,Thursday
2010-03-26,137.68,Friday
2010-03-27,137.68,Saturday
2010-03-28,137.68,Sunday
2010-03-29,2.751   ,Monday
2010-03-30,2.751   ,Tuesday
2010-03-31,2.751   ,Wednesday
2010-04-01,2.751   ,Thursday
2010-04-02,2.751   ,Friday
2010-04-03,2.751   ,Saturday
2010-04-04,2.751   ,Sunday
2010-04-05,138.68,Monday
2010-04-06,138.68,Tuesday
2010-04-07,138.68,Wednesday
2010-04-08,138.68,Thursday
2010-04-09,138.68,Friday
2010-04-10,138.68,Saturday
2010-04-11,138.68,Sunday
2010-04-12,2.814   ,Monday
2010-04-13,2.814   ,Tuesday
2010-04-14,2.814   ,Wednesday
2010-04-15,2.814   ,Thursday
2010-04-16,2.814   ,Friday
2010-04-17,2.814   ,Saturday
2010-04-18,2.814   ,Sunday
2010-04-19,139.68,Monday
2010-04-20,139.68,Tuesday
2010-04-21,139.68,Wednesday
2010-04-22,139.68,Thursday
2010-04-23,139.68,Friday
2010-04-24,139.68,Saturday
2010-04-25,139.68,Sunday
2010-04-26,2.810   ,Monday
2010-04-27,2.810   ,Tuesday
2010-04-28,2.810   ,Wednesday
2010-04-29,2.810   ,Thursday
2010-04-30,2.810   ,Friday
2010-05-01,2.810   ,Saturday
2010-05-02,2.810   ,Sunday
2010-05-03,140.68,Monday
2010-05-04,140.68,Tuesday
2010-05-05,140.68,Wednesday
2010-05-06,140.68,Thursday
2010-05-07,140.68,Friday
2010-05-08,140.68,Saturday
2010-05-09,140.68,Sunday
2010-05-10,2.838   ,Monday
2010-05-11,2.838   ,Tuesday
2010-05-12,2.838   ,Wednesday
2010-05-13,2.838   ,Thursday
2010-05-14,2.838   ,Friday
2010-05-15,2.838   ,Saturday
2010-05-16,2.838   ,Sunday
2010-05-17,141.68,Monday
2010-05-18,141.68,Tuesday
2010-05-19,141.68,Wednesday
2010-05-20,141.68,Thursday
2010-05-21,141.68,Friday
2010-05-22,141.68,Saturday
2010-05-23,141.68,Sunday
2010-05-24,2.714   ,Monday
2010-05-25,2.714   ,Tuesday
2010-05-26,2.714   ,Wednesday
2010-05-27,2.714   ,Thursday
2010-05-28,2.714   ,Friday
2010-05-29,2.714   ,Saturday
2010-05-30,2.714   ,Sunday
2010-05-31,142.68,Monday
2010-06-01,142.68,Tuesday
2010-06-02,142.68,Wednesday
2010-06-03,142.68,Thursday
2010-06-04,142.68,Friday
2010-06-05,142.68,Saturday
2010-06-06,142.68,Sunday
2010-06-07,2.610   ,Monday
2010-06-08,2.610   ,Tuesday
2010-06-09,2.610   ,Wednesday
2010-06-10,2.610   ,Thursday
2010-06-11,2.610   ,Friday
2010-06-12,2.610   ,Saturday
2010-06-13,2.610   ,Sunday
2010-06-14,143.68,Monday
2010-06-15,143.68,Tuesday
2010-06-16,143.68,Wednesday
2010-06-17,143.68,Thursday
2010-06-18,143.68,Friday
2010-06-19,143.68,Saturday
2010-06-20,143.68,Sunday
2010-06-21,2.624   ,Monday
2010-06-22,2.624   ,Tuesday
2010-06-23,2.624   ,Wednesday
2010-06-24,2.624   ,Thursday
2010-06-25,2.624   ,Friday
2010-06-26,2.624   ,Saturday
2010-06-27,2.624   ,Sunday
2010-06-28,144.68,Monday
2010-06-29,144.68,Tuesday
2010-06-30,144.68,Wednesday
2010-07-01,144.68,Thursday
2010-07-02,144.68,Friday
2010-07-03,144.68,Saturday
2010-07-04,144.68,Sunday
2010-07-05,2.609   ,Monday
2010-07-06,2.609   ,Tuesday
2010-07-07,2.609   ,Wednesday
2010-07-08,2.609   ,Thursday
2010-07-09,2.609   ,Friday
2010-07-10,2.609   ,Saturday
2010-07-11,2.609   ,Sunday
2010-07-12,145.68,Monday
2010-07-13,145.68,Tuesday
2010-07-14,145.68,Wednesday
2010-07-15,145.68,Thursday
2010-07-16,145.68,Friday
2010-07-17,145.68,Saturday
2010-07-18,145.68,Sunday
2010-07-19,2.584   ,Monday
2010-07-20,2.584   ,Tuesday
2010-07-21,2.584   ,Wednesday
2010-07-22,2.584   ,Thursday
2010-07-23,2.584   ,Friday
2010-07-24,2.584   ,Saturday
2010-07-25,2.584   ,Sunday
2010-07-26,146.68,Monday
2010-07-27,146.68,Tuesday
2010-07-28,146.68,Wednesday
2010-07-29,146.68,Thursday
2010-07-30,146.68,Friday
2010-07-31,146.68,Saturday
2010-08-01,146.68,Sunday
2010-08-02,2.620   ,Monday
2010-08-03,2.620   ,Tuesday
2010-08-04,2.620   ,Wednesday
2010-08-05,2.620   ,Thursday
2010-08-06,2.620   ,Friday
2010-08-07,2.620   ,Saturday
2010-08-08,2.620   ,Sunday
2010-08-09,147.68,Monday
2010-08-10,147.68,Tuesday
2010-08-11,147.68,Wednesday
2010-08-12,147.68,Thursday
2010-08-13,147.68,Friday
2010-08-14,147.68,Saturday
2010-08-15,147.68,Sunday
2010-08-16,2.634   ,Monday
2010-08-17,2.634   ,Tuesday
2010-08-18,2.634   ,Wednesday
2010-08-19,2.634   ,Thursday
2010-08-20,2.634   ,Friday
2010-08-21,2.634   ,Saturday
2010-08-22,2.634   ,Sunday
2010-08-23,148.68,Monday
2010-08-24,148.68,Tuesday
2010-08-25,148.68,Wednesday
2010-08-26,148.68,Thursday
2010-08-27,148.68,Friday
2010-08-28,148.68,Saturday
2010-08-29,148.68,Sunday
2010-08-30,2.527   ,Monday
2010-08-31,2.527   ,Tuesday
2010-09-01,2.527   ,Wednesday
2010-09-02,2.527   ,Thursday
2010-09-03,2.527   ,Friday
2010-09-04,2.527   ,Saturday
2010-09-05,2.527   ,Sunday
2010-09-06,149.68,Monday
2010-09-07,149.68,Tuesday
2010-09-08,149.68,Wednesday
2010-09-09,149.68,Thursday
2010-09-10,149.68,Friday
2010-09-11,149.68,Saturday
2010-09-12,149.68,Sunday
2010-09-13,2.563   ,Monday
2010-09-14,2.563   ,Tuesday
2010-09-15,2.563   ,Wednesday
2010-09-16,2.563   ,Thursday
2010-09-17,2.563   ,Friday
2010-09-18,2.563   ,Saturday
2010-09-19,2.563   ,Sunday
2010-09-20,150.68,Monday
2010-09-21,150.68,Tuesday
2010-09-22,150.68,Wednesday
2010-09-23,150.68,Thursday
2010-09-24,150.68,Friday
2010-09-25,150.68,Saturday
2010-09-26,150.68,Sunday
2010-09-27,2.591   ,Monday
2010-09-28,2.591   ,Tuesday
2010-09-29,2.591   ,Wednesday
2010-09-30,2.591   ,Thursday
2010-10-01,2.591   ,Friday
2010-10-02,2.591   ,Saturday
2010-10-03,2.591   ,Sunday
2010-10-04,151.68,Monday
2010-10-05,151.68,Tuesday
2010-10-06,151.68,Wednesday
2010-10-07,151.68,Thursday
2010-10-08,151.68,Friday
2010-10-09,151.68,Saturday
2010-10-10,151.68,Sunday
2010-10-11,2.708   ,Monday
2010-10-12,2.708   ,Tuesday
2010-10-13,2.708   ,Wednesday
2010-10-14,2.708   ,Thursday
2010-10-15,2.708   ,Friday
2010-10-16,2.708   ,Saturday
2010-10-17,2.708   ,Sunday
2010-10-18,152.68,Monday
2010-10-19,152.68,Tuesday
2010-10-20,152.68,Wednesday
2010-10-21,152.68,Thursday
2010-10-22,152.68,Friday
2010-10-23,152.68,Saturday
2010-10-24,152.68,Sunday
2010-10-25,2.734   ,Monday
2010-10-26,2.734   ,Tuesday
2010-10-27,2.734   ,Wednesday
2010-10-28,2.734   ,Thursday
2010-10-29,2.734   ,Friday
2010-10-30,2.734   ,Saturday
2010-10-31,2.734   ,Sunday
2010-11-01,153.68,Monday
2010-11-02,153.68,Tuesday
2010-11-03,153.68,Wednesday
2010-11-04,153.68,Thursday
2010-11-05,153.68,Friday
2010-11-06,153.68,Saturday
2010-11-07,153.68,Sunday
2010-11-08,2.745   ,Monday
2010-11-09,2.745   ,Tuesday
2010-11-10,2.745   ,Wednesday
2010-11-11,2.745   ,Thursday
2010-11-12,2.745   ,Friday
2010-11-13,2.745   ,Saturday
2010-11-14,2.745   ,Sunday
2010-11-15,154.68,Monday
2010-11-16,154.68,Tuesday
2010-11-17,154.68,Wednesday
2010-11-18,154.68,Thursday
2010-11-19,154.68,Friday
2010-11-20,154.68,Saturday
2010-11-21,154.68,Sunday
2010-11-22,2.796   ,Monday
2010-11-23,2.796   ,Tuesday
2010-11-24,2.796   ,Wednesday
2010-11-25,2.796   ,Thursday
2010-11-26,2.796   ,Friday
2010-11-27,2.796   ,Saturday
2010-11-28,2.796   ,Sunday
2010-11-29,155.68,Monday
2010-11-30,155.68,Tuesday
2010-12-01,155.68,Wednesday
2010-12-02,155.68,Thursday
2010-12-03,155.68,Friday
2010-12-04,155.68,Saturday
2010-12-05,155.68,Sunday
2010-12-06,2.885   ,Monday
2010-12-07,2.885   ,Tuesday
2010-12-08,2.885   ,Wednesday
2010-12-09,2.885   ,Thursday
2010-12-10,2.885   ,Friday
2010-12-11,2.885   ,Saturday
2010-12-12,2.885   ,Sunday
2010-12-13,156.68,Monday
2010-12-14,156.68,Tuesday
2010-12-15,156.68,Wednesday
2010-12-16,156.68,Thursday
2010-12-17,156.68,Friday
2010-12-18,156.68,Saturday
2010-12-19,156.68,Sunday
2010-12-20,2.935   ,Monday
2010-12-21,2.935   ,Tuesday
2010-12-22,2.935   ,Wednesday
2010-12-23,2.935   ,Thursday
2010-12-24,2.935   ,Friday
2010-12-25,2.935   ,Saturday
2010-12-26,2.935   ,Sunday
2010-12-27,157.68,Monday
2010-12-28,157.68,Tuesday
2010-12-29,157.68,Wednesday
2010-12-30,157.68,Thursday
2010-12-31,157.68,Friday
2011-01-01,157.68,Saturday
2011-01-02,157.68,Sunday
2011-01-03,3.014   ,Monday
2011-01-04,3.014   ,Tuesday
2011-01-05,3.014   ,Wednesday
2011-01-06,3.014   ,Thursday
2011-01-07,3.014   ,Friday
2011-01-08,3.014   ,Saturday
2011-01-09,3.014   ,Sunday
2011-01-10,158.68,Monday
2011-01-11,158.68,Tuesday
2011-01-12,158.68,Wednesday
2011-01-13,158.68,Thursday
2011-01-14,158.68,Friday
2011-01-15,158.68,Saturday
2011-01-16,158.68,Sunday
2011-01-17,3.035   ,Monday
2011-01-18,3.035   ,Tuesday
2011-01-19,3.035   ,Wednesday
2011-01-20,3.035   ,Thursday
2011-01-21,3.035   ,Friday
2011-01-22,3.035   ,Saturday
2011-01-23,3.035   ,Sunday
2011-01-24,159.68,Monday
2011-01-25,159.68,Tuesday
2011-01-26,159.68,Wednesday
2011-01-27,159.68,Thursday
2011-01-28,159.68,Friday
2011-01-29,159.68,Saturday
2011-01-30,159.68,Sunday
2011-01-31,3.027   ,Monday
2011-02-01,3.027   ,Tuesday
2011-02-02,3.027   ,Wednesday
2011-02-03,3.027   ,Thursday
2011-02-04,3.027   ,Friday
2011-02-05,3.027   ,Saturday
2011-02-06,3.027   ,Sunday
2011-02-07,160.68,Monday
2011-02-08,160.68,Tuesday
2011-02-09,160.68,Wednesday
2011-02-10,160.68,Thursday
2011-02-11,160.68,Friday
2011-02-12,160.68,Saturday
2011-02-13,160.68,Sunday
2011-02-14,3.045   ,Monday
2011-02-15,3.045   ,Tuesday
2011-02-16,3.045   ,Wednesday
2011-02-17,3.045   ,Thursday
2011-02-18,3.045   ,Friday
2011-02-19,3.045   ,Saturday
2011-02-20,3.045   ,Sunday
2011-02-21,161.68,Monday
2011-02-22,161.68,Tuesday
2011-02-23,161.68,Wednesday
2011-02-24,161.68,Thursday
2011-02-25,161.68,Friday
2011-02-26,161.68,Saturday
2011-02-27,161.68,Sunday
2011-02-28,3.296   ,Monday
2011-03-01,3.296   ,Tuesday
2011-03-02,3.296   ,Wednesday
2011-03-03,3.296   ,Thursday
2011-03-04,3.296   ,Friday
2011-03-05,3.296   ,Saturday
2011-03-06,3.296   ,Sunday
2011-03-07,162.68,Monday
2011-03-08,162.68,Tuesday
2011-03-09,162.68,Wednesday
2011-03-10,162.68,Thursday
2011-03-11,162.68,Friday
2011-03-12,162.68,Saturday
2011-03-13,162.68,Sunday
2011-03-14,3.513   ,Monday
2011-03-15,3.513   ,Tuesday
2011-03-16,3.513   ,Wednesday
2011-03-17,3.513   ,Thursday
2011-03-18,3.513   ,Friday
2011-03-19,3.513   ,Saturday
2011-03-20,3.513   ,Sunday
2011-03-21,163.68,Monday
2011-03-22,163.68,Tuesday
2011-03-23,163.68,Wednesday
2011-03-24,163.68,Thursday
2011-03-25,163.68,Friday
2011-03-26,163.68,Saturday
2011-03-27,163.68,Sunday
2011-03-28,3.543   ,Monday
2011-03-29,3.543   ,Tuesday
2011-03-30,3.543   ,Wednesday
2011-03-31,3.543   ,Thursday
2011-04-01,3.543   ,Friday
2011-04-02,3.543   ,Saturday
2011-04-03,3.543   ,Sunday
2011-04-04,164.68,Monday
2011-04-05,164.68,Tuesday
2011-04-06,164.68,Wednesday
2011-04-07,164.68,Thursday
2011-04-08,164.68,Friday
2011-04-09,164.68,Saturday
2011-04-10,164.68,Sunday
2011-04-11,3.754   ,Monday
2011-04-12,3.754   ,Tuesday
2011-04-13,3.754   ,Wednesday
2011-04-14,3.754   ,Thursday
2011-04-15,3.754   ,Friday
2011-04-16,3.754   ,Saturday
2011-04-17,3.754   ,Sunday
2011-04-18,165.68,Monday
2011-04-19,165.68,Tuesday
2011-04-20,165.68,Wednesday
2011-04-21,165.68,Thursday
2011-04-22,165.68,Friday
2011-04-23,165.68,Saturday
2011-04-24,165.68,Sunday
2011-04-25,3.878   ,Monday
2011-04-26,3.878   ,Tuesday
2011-04-27,3.878   ,Wednesday
2011-04-28,3.878   ,Thursday
2011-04-29,3.878   ,Friday
2011-04-30,3.878   ,Saturday
2011-05-01,3.878   ,Sunday
2011-05-02,166.68,Monday
2011-05-03,166.68,Tuesday
2011-05-04,166.68,Wednesday
2011-05-05,166.68,Thursday
2011-05-06,166.68,Friday
2011-05-07,166.68,Saturday
2011-05-08,166.68,Sunday
2011-05-09,3.949   ,Monday
2011-05-10,3.949   ,Tuesday
2011-05-11,3.949   ,Wednesday
2011-05-12,3.949   ,Thursday
2011-05-13,3.949   ,Friday
2011-05-14,3.949   ,Saturday
2011-05-15,3.949   ,Sunday
2011-05-16,167.68,Monday
2011-05-17,167.68,Tuesday
2011-05-18,167.68,Wednesday
2011-05-19,167.68,Thursday
2011-05-20,167.68,Friday
2011-05-21,167.68,Saturday
2011-05-22,167.68,Sunday
2011-05-23,3.862   ,Monday
2011-05-24,3.862   ,Tuesday
2011-05-25,3.862   ,Wednesday
2011-05-26,3.862   ,Thursday
2011-05-27,3.862   ,Friday
2011-05-28,3.862   ,Saturday
2011-05-29,3.862   ,Sunday
2011-05-30,168.68,Monday
2011-05-31,168.68,Tuesday
2011-06-01,168.68,Wednesday
2011-06-02,168.68,Thursday
2011-06-03,168.68,Friday
2011-06-04,168.68,Saturday
2011-06-05,168.68,Sunday
2011-06-06,3.722   ,Monday
2011-06-07,3.722   ,Tuesday
2011-06-08,3.722   ,Wednesday
2011-06-09,3.722   ,Thursday
2011-06-10,3.722   ,Friday
2011-06-11,3.722   ,Saturday
2011-06-12,3.722   ,Sunday
2011-06-13,169.68,Monday
2011-06-14,169.68,Tuesday
2011-06-15,169.68,Wednesday
2011-06-16,169.68,Thursday
2011-06-17,169.68,Friday
2011-06-18,169.68,Saturday
2011-06-19,169.68,Sunday
2011-06-20,3.632   ,Monday
2011-06-21,3.632   ,Tuesday
2011-06-22,3.632   ,Wednesday
2011-06-23,3.632   ,Thursday
2011-06-24,3.632   ,Friday
2011-06-25,3.632   ,Saturday
2011-06-26,3.632   ,Sunday
2011-06-27,170.68,Monday
2011-06-28,170.68,Tuesday
2011-06-29,170.68,Wednesday
2011-06-30,170.68,Thursday
2011-07-01,170.68,Friday
2011-07-02,170.68,Saturday
2011-07-03,170.68,Sunday
2011-07-04,3.507   ,Monday
2011-07-05,3.507   ,Tuesday
2011-07-06,3.507   ,Wednesday
2011-07-07,3.507   ,Thursday
2011-07-08,3.507   ,Friday
2011-07-09,3.507   ,Saturday
2011-07-10,3.507   ,Sunday
2011-07-11,171.68,Monday
2011-07-12,171.68,Tuesday
2011-07-13,171.68,Wednesday
2011-07-14,171.68,Thursday
2011-07-15,171.68,Friday
2011-07-16,171.68,Saturday
2011-07-17,171.68,Sunday
2011-07-18,3.669   ,Monday
2011-07-19,3.669   ,Tuesday
2011-07-20,3.669   ,Wednesday
2011-07-21,3.669   ,Thursday
2011-07-22,3.669   ,Friday
2011-07-23,3.669   ,Saturday
2011-07-24,3.669   ,Sunday
2011-07-25,172.68,Monday
2011-07-26,172.68,Tuesday
2011-07-27,172.68,Wednesday
2011-07-28,172.68,Thursday
2011-07-29,172.68,Friday
2011-07-30,172.68,Saturday
2011-07-31,172.68,Sunday
2011-08-01,3.700   ,Monday
2011-08-02,3.700   ,Tuesday
2011-08-03,3.700   ,Wednesday
2011-08-04,3.700   ,Thursday
2011-08-05,3.700   ,Friday
2011-08-06,3.700   ,Saturday
2011-08-07,3.700   ,Sunday
2011-08-08,173.68,Monday
2011-08-09,173.68,Tuesday
2011-08-10,173.68,Wednesday
2011-08-11,173.68,Thursday
2011-08-12,173.68,Friday
2011-08-13,173.68,Saturday
2011-08-14,173.68,Sunday
2011-08-15,3.552   ,Monday
2011-08-16,3.552   ,Tuesday
2011-08-17,3.552   ,Wednesday
2011-08-18,3.552   ,Thursday
2011-08-19,3.552   ,Friday
2011-08-20,3.552   ,Saturday
2011-08-21,3.552   ,Sunday
2011-08-22,174.68,Monday
2011-08-23,174.68,Tuesday
2011-08-24,174.68,Wednesday
2011-08-25,174.68,Thursday
2011-08-26,174.68,Friday
2011-08-27,174.68,Saturday
2011-08-28,174.68,Sunday
2011-08-29,3.529   ,Monday
2011-08-30,3.529   ,Tuesday
2011-08-31,3.529   ,Wednesday
2011-09-01,3.529   ,Thursday
2011-09-02,3.529   ,Friday
2011-09-03,3.529   ,Saturday
2011-09-04,3.529   ,Sunday
2011-09-05,175.68,Monday
2011-09-06,175.68,Tuesday
2011-09-07,175.68,Wednesday
2011-09-08,175.68,Thursday
2011-09-09,175.68,Friday
2011-09-10,175.68,Saturday
2011-09-11,175.68,Sunday
2011-09-12,3.539   ,Monday
2011-09-13,3.539   ,Tuesday
2011-09-14,3.539   ,Wednesday
2011-09-15,3.539   ,Thursday
2011-09-16,3.539   ,Friday
2011-09-17,3.539   ,Saturday
2011-09-18,3.539   ,Sunday
2011-09-19,176.68,Monday
2011-09-20,176.68,Tuesday
2011-09-21,176.68,Wednesday
2011-09-22,176.68,Thursday
2011-09-23,176.68,Friday
2011-09-24,176.68,Saturday
2011-09-25,176.68,Sunday
2011-09-26,3.390   ,Monday
2011-09-27,3.390   ,Tuesday
2011-09-28,3.390   ,Wednesday
2011-09-29,3.390   ,Thursday
2011-09-30,3.390   ,Friday
2011-10-01,3.390   ,Saturday
2011-10-02,3.390   ,Sunday
2011-10-03,177.68,Monday
2011-10-04,177.68,Tuesday
2011-10-05,177.68,Wednesday
2011-10-06,177.68,Thursday
2011-10-07,177.68,Friday
2011-10-08,177.68,Saturday
2011-10-09,177.68,Sunday
2011-10-10,3.289   ,Monday
2011-10-11,3.289   ,Tuesday
2011-10-12,3.289   ,Wednesday
2011-10-13,3.289   ,Thursday
2011-10-14,3.289   ,Friday
2011-10-15,3.289   ,Saturday
2011-10-16,3.289   ,Sunday
2011-10-17,178.68,Monday
2011-10-18,178.68,Tuesday
2011-10-19,178.68,Wednesday
2011-10-20,178.68,Thursday
2011-10-21,178.68,Friday
2011-10-22,178.68,Saturday
2011-10-23,178.68,Sunday
2011-10-24,3.366   ,Monday
2011-10-25,3.366   ,Tuesday
2011-10-26,3.366   ,Wednesday
2011-10-27,3.366   ,Thursday
2011-10-28,3.366   ,Friday
2011-10-29,3.366   ,Saturday
2011-10-30,3.366   ,Sunday
2011-10-31,179.68,Monday
2011-11-01,179.68,Tuesday
2011-11-02,179.68,Wednesday
2011-11-03,179.68,Thursday
2011-11-04,179.68,Friday
2011-11-05,179.68,Saturday
2011-11-06,179.68,Sunday
2011-11-07,3.317   ,Monday
2011-11-08,3.317   ,Tuesday
2011-11-09,3.317   ,Wednesday
2011-11-10,3.317   ,Thursday
2011-11-11,3.317   ,Friday
2011-11-12,3.317   ,Saturday
2011-11-13,3.317   ,Sunday
2011-11-14,180.68,Monday
2011-11-15,180.68,Tuesday
2011-11-16,180.68,Wednesday
2011-11-17,180.68,Thursday
2011-11-18,180.68,Friday
2011-11-19,180.68,Saturday
2011-11-20,180.68,Sunday
2011-11-21,3.302   ,Monday
2011-11-22,3.302   ,Tuesday
2011-11-23,3.302   ,Wednesday
2011-11-24,3.302   ,Thursday
2011-11-25,3.302   ,Friday
2011-11-26,3.302   ,Saturday
2011-11-27,3.302   ,Sunday
2011-11-28,181.68,Monday
2011-11-29,181.68,Tuesday
2011-11-30,181.68,Wednesday
2011-12-01,181.68,Thursday
2011-12-02,181.68,Friday
2011-12-03,181.68,Saturday
2011-12-04,181.68,Sunday
2011-12-05,3.227   ,Monday
2011-12-06,3.227   ,Tuesday
2011-12-07,3.227   ,Wednesday
2011-12-08,3.227   ,Thursday
2011-12-09,3.227   ,Friday
2011-12-10,3.227   ,Saturday
2011-12-11,3.227   ,Sunday
2011-12-12,182.68,Monday
2011-12-13,182.68,Tuesday
2011-12-14,182.68,Wednesday
2011-12-15,182.68,Thursday
2011-12-16,182.68,Friday
2011-12-17,182.68,Saturday
2011-12-18,182.68,Sunday
2011-12-19,3.178   ,Monday
2011-12-20,3.178   ,Tuesday
2011-12-21,3.178   ,Wednesday
2011-12-22,3.178   ,Thursday
2011-12-23,3.178   ,Friday
2011-12-24,3.178   ,Saturday
2011-12-25,3.178   ,Sunday
2011-12-26,183.68,Monday
2011-12-27,183.68,Tuesday
2011-12-28,183.68,Wednesday
2011-12-29,183.68,Thursday
2011-12-30,183.68,Friday
2011-12-31,183.68,Saturday
2012-01-01,183.68,Sunday
2012-01-02,3.214   ,Monday
2012-01-03,3.214   ,Tuesday
2012-01-04,3.214   ,Wednesday
2012-01-05,3.214   ,Thursday
2012-01-06,3.214   ,Friday
2012-01-07,3.214   ,Saturday
2012-01-08,3.214   ,Sunday
2012-01-09,184.68,Monday
2012-01-10,184.68,Tuesday
2012-01-11,184.68,Wednesday
2012-01-12,184.68,Thursday
2012-01-13,184.68,Friday
2012-01-14,184.68,Saturday
2012-01-15,184.68,Sunday
2012-01-16,3.296   ,Monday
2012-01-17,3.296   ,Tuesday
2012-01-18,3.296   ,Wednesday
2012-01-19,3.296   ,Thursday
2012-01-20,3.296   ,Friday
2012-01-21,3.296   ,Saturday
2012-01-22,3.296   ,Sunday
2012-01-23,185.68,Monday
2012-01-24,185.68,Tuesday
2012-01-25,185.68,Wednesday
2012-01-26,185.68,Thursday
2012-01-27,185.68,Friday
2012-01-28,185.68,Saturday
2012-01-29,185.68,Sunday
2012-01-30,3.372   ,Monday
2012-01-31,3.372   ,Tuesday
2012-02-01,3.372   ,Wednesday
2012-02-02,3.372   ,Thursday
2012-02-03,3.372   ,Friday
2012-02-04,3.372   ,Saturday
2012-02-05,3.372   ,Sunday
2012-02-06,186.68,Monday
2012-02-07,186.68,Tuesday
2012-02-08,186.68,Wednesday
2012-02-09,186.68,Thursday
2012-02-10,186.68,Friday
2012-02-11,186.68,Saturday
2012-02-12,186.68,Sunday
2012-02-13,3.530   ,Monday
2012-02-14,3.530   ,Tuesday
2012-02-15,3.530   ,Wednesday
2012-02-16,3.530   ,Thursday
2012-02-17,3.530   ,Friday
2012-02-18,3.530   ,Saturday
2012-02-19,3.530   ,Sunday
2012-02-20,187.68,Monday
2012-02-21,187.68,Tuesday
2012-02-22,187.68,Wednesday
2012-02-23,187.68,Thursday
2012-02-24,187.68,Friday
2012-02-25,187.68,Saturday
2012-02-26,187.68,Sunday
2012-02-27,3.631   ,Monday
2012-02-28,3.631   ,Tuesday
2012-02-29,3.631   ,Wednesday
2012-03-01,3.631   ,Thursday
2012-03-02,3.631   ,Friday
2012-03-03,3.631   ,Saturday
2012-03-04,3.631   ,Sunday
2012-03-05,188.68,Monday
2012-03-06,188.68,Tuesday
2012-03-07,188.68,Wednesday
2012-03-08,188.68,Thursday
2012-03-09,188.68,Friday
2012-03-10,188.68,Saturday
2012-03-11,188.68,Sunday
2012-03-12,3.745   ,Monday
2012-03-13,3.745   ,Tuesday
2012-03-14,3.745   ,Wednesday
2012-03-15,3.745   ,Thursday
2012-03-16,3.745   ,Friday
2012-03-17,3.745   ,Saturday
2012-03-18,3.745   ,Sunday
2012-03-19,189.68,Monday
2012-03-20,189.68,Tuesday
2012-03-21,189.68,Wednesday
2012-03-22,189.68,Thursday
2012-03-23,189.68,Friday
2012-03-24,189.68,Saturday
2012-03-25,189.68,Sunday
2012-03-26,3.928   ,Monday
2012-03-27,3.928   ,Tuesday
2012-03-28,3.928   ,Wednesday
2012-03-29,3.928   ,Thursday
2012-03-30,3.928   ,Friday
2012-03-31,3.928   ,Saturday
2012-04-01,3.928   ,Sunday
2012-04-02,190.68,Monday
2012-04-03,190.68,Tuesday
2012-04-04,190.68,Wednesday
2012-04-05,190.68,Thursday
2012-04-06,190.68,Friday
2012-04-07,190.68,Saturday
2012-04-08,190.68,Sunday
2012-04-09,3.989   ,Monday
2012-04-10,3.989   ,Tuesday
2012-04-11,3.989   ,Wednesday
2012-04-12,3.989   ,Thursday
2012-04-13,3.989   ,Friday
2012-04-14,3.989   ,Saturday
2012-04-15,3.989   ,Sunday
2012-04-16,191.68,Monday
2012-04-17,191.68,Tuesday
2012-04-18,191.68,Wednesday
2012-04-19,191.68,Thursday
2012-04-20,191.68,Friday
2012-04-21,191.68,Saturday
2012-04-22,191.68,Sunday
2012-04-23,3.901   ,Monday
2012-04-24,3.901   ,Tuesday
2012-04-25,3.901   ,Wednesday
2012-04-26,3.901   ,Thursday
2012-04-27,3.901   ,Friday
2012-04-28,3.901   ,Saturday
2012-04-29,3.901   ,Sunday
2012-04-30,192.68,Monday
2012-05-01,192.68,Tuesday
2012-05-02,192.68,Wednesday
2012-05-03,192.68,Thursday
2012-05-04,192.68,Friday
2012-05-05,192.68,Saturday
2012-05-06,192.68,Sunday
2012-05-07,3.739   ,Monday
2012-05-08,3.739   ,Tuesday
2012-05-09,3.739   ,Wednesday
2012-05-10,3.739   ,Thursday
2012-05-11,3.739   ,Friday
2012-05-12,3.739   ,Saturday
2012-05-13,3.739   ,Sunday
2012-05-14,193.68,Monday
2012-05-15,193.68,Tuesday
2012-05-16,193.68,Wednesday
2012-05-17,193.68,Thursday
2012-05-18,193.68,Friday
2012-05-19,193.68,Saturday
2012-05-20,193.68,Sunday
2012-05-21,3.593   ,Monday
2012-05-22,3.593   ,Tuesday
2012-05-23,3.593   ,Wednesday
2012-05-24,3.593   ,Thursday
2012-05-25,3.593   ,Friday
2012-05-26,3.593   ,Saturday
2012-05-27,3.593   ,Sunday
2012-05-28,194.68,Monday
2012-05-29,194.68,Tuesday
2012-05-30,194.68,Wednesday
2012-05-31,194.68,Thursday
2012-06-01,194.68,Friday
2012-06-02,194.68,Saturday
2012-06-03,194.68,Sunday
2012-06-04,3.468   ,Monday
2012-06-05,3.468   ,Tuesday
2012-06-06,3.468   ,Wednesday
2012-06-07,3.468   ,Thursday
2012-06-08,3.468   ,Friday
2012-06-09,3.468   ,Saturday
2012-06-10,3.468   ,Sunday
2012-06-11,195.68,Monday
2012-06-12,195.68,Tuesday
2012-06-13,195.68,Wednesday
2012-06-14,195.68,Thursday
2012-06-15,195.68,Friday
2012-06-16,195.68,Saturday
2012-06-17,195.68,Sunday
2012-06-18,3.342   ,Monday
2012-06-19,3.342   ,Tuesday
2012-06-20,3.342   ,Wednesday
2012-06-21,3.342   ,Thursday
2012-06-22,3.342   ,Friday
2012-06-23,3.342   ,Saturday
2012-06-24,3.342   ,Sunday
2012-06-25,196.68,Monday
2012-06-26,196.68,Tuesday
2012-06-27,196.68,Wednesday
2012-06-28,196.68,Thursday
2012-06-29,196.68,Friday
2012-06-30,196.68,Saturday
2012-07-01,196.68,Sunday
2012-07-02,3.245   ,Monday
2012-07-03,3.245   ,Tuesday
2012-07-04,3.245   ,Wednesday
2012-07-05,3.245   ,Thursday
2012-07-06,3.245   ,Friday
2012-07-07,3.245   ,Saturday
2012-07-08,3.245   ,Sunday
2012-07-09,197.68,Monday
2012-07-10,197.68,Tuesday
2012-07-11,197.68,Wednesday
2012-07-12,197.68,Thursday
2012-07-13,197.68,Friday
2012-07-14,197.68,Saturday
2012-07-15,197.68,Sunday
2012-07-16,3.347   ,Monday
2012-07-17,3.347   ,Tuesday
2012-07-18,3.347   ,Wednesday
2012-07-19,3.347   ,Thursday
2012-07-20,3.347   ,Friday
2012-07-21,3.347   ,Saturday
2012-07-22,3.347   ,Sunday
2012-07-23,198.68,Monday
2012-07-24,198.68,Tuesday
2012-07-25,198.68,Wednesday
2012-07-26,198.68,Thursday
2012-07-27,198.68,Friday
2012-07-28,198.68,Saturday
2012-07-29,198.68,Sunday
2012-07-30,3.445   ,Monday
2012-07-31,3.445   ,Tuesday
2012-08-01,3.445   ,Wednesday
2012-08-02,3.445   ,Thursday
2012-08-03,3.445   ,Friday
2012-08-04,3.445   ,Saturday
2012-08-05,3.445   ,Sunday
2012-08-06,199.68,Monday
2012-08-07,199.68,Tuesday
2012-08-08,199.68,Wednesday
2012-08-09,199.68,Thursday
2012-08-10,199.68,Friday
2012-08-11,199.68,Saturday
2012-08-12,199.68,Sunday
2012-08-13,3.633   ,Monday
2012-08-14,3.633   ,Tuesday
2012-08-15,3.633   ,Wednesday
2012-08-16,3.633   ,Thursday
2012-08-17,3.633   ,Friday
2012-08-18,3.633   ,Saturday
2012-08-19,3.633   ,Sunday
2012-08-20,200.68,Monday
2012-08-21,200.68,Tuesday
2012-08-22,200.68,Wednesday
2012-08-23,200.68,Thursday
2012-08-24,200.68,Friday
2012-08-25,200.68,Saturday
2012-08-26,200.68,Sunday
2012-08-27,3.652   ,Monday
2012-08-28,3.652   ,Tuesday
2012-08-29,3.652   ,Wednesday
2012-08-30,3.652   ,Thursday
2012-08-31,3.652   ,Friday
2012-09-01,3.652   ,Saturday
2012-09-02,3.652   ,Sunday
2012-09-03,201.68,Monday
2012-09-04,201.68,Tuesday
2012-09-05,201.68,Wednesday
2012-09-06,201.68,Thursday
2012-09-07,201.68,Friday
2012-09-08,201.68,Saturday
2012-09-09,201.68,Sunday
2012-09-10,3.713   ,Monday
2012-09-11,3.713   ,Tuesday
2012-09-12,3.713   ,Wednesday
2012-09-13,3.713   ,Thursday
2012-09-14,3.713   ,Friday
2012-09-15,3.713   ,Saturday
2012-09-16,3.713   ,Sunday
2012-09-17,202.68,Monday
2012-09-18,202.68,Tuesday
2012-09-19,202.68,Wednesday
2012-09-20,202.68,Thursday
2012-09-21,202.68,Friday
2012-09-22,202.68,Saturday
2012-09-23,202.68,Sunday
2012-09-24,3.704   ,Monday
2012-09-25,3.704   ,Tuesday
2012-09-26,3.704   ,Wednesday
2012-09-27,3.704   ,Thursday
2012-09-28,3.704   ,Friday
2012-09-29,3.704   ,Saturday
2012-09-30,3.704   ,Sunday
2012-10-01,203.68,Monday
2012-10-02,203.68,Tuesday
2012-10-03,203.68,Wednesday
2012-10-04,203.68,Thursday
2012-10-05,203.68,Friday
2012-10-06,203.68,Saturday
2012-10-07,203.68,Sunday
2012-10-08,3.633   ,Monday
2012-10-09,3.633   ,Tuesday
2012-10-10,3.633   ,Wednesday
2012-10-11,3.633   ,Thursday
2012-10-12,3.633   ,Friday
2012-10-13,3.633   ,Saturday
2012-10-14,3.633   ,Sunday
2012-10-15,204.68,Monday
2012-10-16,204.68,Tuesday
2012-10-17,204.68,Wednesday
2012-10-18,204.68,Thursday
2012-10-19,204.68,Friday
2012-10-20,204.68,Saturday
2012-10-21,204.68,Sunday
2012-10-22,3.536   ,Monday
2012-10-23,3.536   ,Tuesday
2012-10-24,3.536   ,Wednesday
2012-10-25,3.536   ,Thursday
2012-10-26,3.536   ,Friday
2012-10-27,3.536   ,Saturday
2012-10-28,3.536   ,Sunday
2012-10-29,205.68,Monday
2012-10-30,205.68,Tuesday
2012-10-31,205.68,Wednesday
2012-11-01,205.68,Thursday
2012-11-02,205.68,Friday
2012-11-03,205.68,Saturday
2012-11-04,205.68,Sunday
2012-11-05,3.381   ,Monday
2012-11-06,3.381   ,Tuesday
2012-11-07,3.381   ,Wednesday
2012-11-08,3.381   ,Thursday
2012-11-09,3.381   ,Friday
2012-11-10,3.381   ,Saturday
2012-11-11,3.381   ,Sunday
2012-11-12,206.68,Monday
2012-11-13,206.68,Tuesday
2012-11-14,206.68,Wednesday
2012-11-15,206.68,Thursday
2012-11-16,206.68,Friday
2012-11-17,206.68,Saturday
2012-11-18,206.68,Sunday
2012-11-19,3.270   ,Monday
2012-11-20,3.270   ,Tuesday
2012-11-21,3.270   ,Wednesday
2012-11-22,3.270   ,Thursday
2012-11-23,3.270   ,Friday
2012-11-24,3.270   ,Saturday
2012-11-25,3.270   ,Sunday
2012-11-26,207.68,Monday
2012-11-27,207.68,Tuesday
2012-11-28,207.68,Wednesday
2012-11-29,207.68,Thursday
2012-11-30,207.68,Friday
2012-12-01,207.68,Saturday
2012-12-02,207.68,Sunday
2012-12-03,3.249   ,Monday
2012-12-04,3.249   ,Tuesday
2012-12-05,3.249   ,Wednesday
2012-12-06,3.249   ,Thursday
2012-12-07,3.249   ,Friday
2012-12-08,3.249   ,Saturday
2012-12-09,3.249   ,Sunday
2012-12-10,208.68,Monday
2012-12-11,208.68,Tuesday
2012-12-12,208.68,Wednesday
2012-12-13,208.68,Thursday
2012-12-14,208.68,Friday
2012-12-15,208.68,Saturday
2012-12-16,208.68,Sunday
2012-12-17,3.157   ,Monday
2012-12-18,3.157   ,Tuesday
2012-12-19,3.157   ,Wednesday
2012-12-20,3.157   ,Thursday
2012-12-21,3.157   ,Friday
2012-12-22,3.157   ,Saturday
2012-12-23,3.157   ,Sunday
2012-12-24,209.68,Monday
2012-12-25,209.68,Tuesday
2012-12-26,209.68,Wednesday
2012-12-27,209.68,Thursday
2012-12-28,209.68,Friday
2012-12-29,209.68,Saturday
2012-12-30,209.68,Sunday
2012-12-31,3.276   ,Monday
2013-01-01,3.276   ,Tuesday
2013-01-02,3.276   ,Wednesday
2013-01-03,3.276   ,Thursday
2013-01-04,3.276   ,Friday
2013-01-05,3.276   ,Saturday
2013-01-06,3.276   ,Sunday
2013-01-07,210.68,Monday
2013-01-08,210.68,Tuesday
2013-01-09,210.68,Wednesday
2013-01-10,210.68,Thursday
2013-01-11,210.68,Friday
2013-01-12,210.68,Saturday
2013-01-13,210.68,Sunday
2013-01-14,3.333   ,Monday
2013-01-15,3.333   ,Tuesday
2013-01-16,3.333   ,Wednesday
2013-01-17,3.333   ,Thursday
2013-01-18,3.333   ,Friday
2013-01-19,3.333   ,Saturday
2013-01-20,3.333   ,Sunday
2013-01-21,211.68,Monday
2013-01-22,211.68,Tuesday
2013-01-23,211.68,Wednesday
2013-01-24,211.68,Thursday
2013-01-25,211.68,Friday
2013-01-26,211.68,Saturday
2013-01-27,211.68,Sunday
2013-01-28,3.305   ,Monday
2013-01-29,3.305   ,Tuesday
2013-01-30,3.305   ,Wednesday
2013-01-31,3.305   ,Thursday
2013-02-01,3.305   ,Friday
2013-02-02,3.305   ,Saturday
2013-02-03,3.305   ,Sunday
2013-02-04,212.68,Monday
2013-02-05,212.68,Tuesday
2013-02-06,212.68,Wednesday
2013-02-07,212.68,Thursday
2013-02-08,212.68,Friday
2013-02-09,212.68,Saturday
2013-02-10,212.68,Sunday
2013-02-11,3.543   ,Monday
2013-02-12,3.543   ,Tuesday
2013-02-13,3.543   ,Wednesday
2013-02-14,3.543   ,Thursday
2013-02-15,3.543   ,Friday
2013-02-16,3.543   ,Saturday
2013-02-17,3.543   ,Sunday
2013-02-18,213.68,Monday
2013-02-19,213.68,Tuesday
2013-02-20,213.68,Wednesday
2013-02-21,213.68,Thursday
2013-02-22,213.68,Friday
2013-02-23,213.68,Saturday
2013-02-24,213.68,Sunday
2013-02-25,3.733   ,Monday
2013-02-26,3.733   ,Tuesday
2013-02-27,3.733   ,Wednesday
2013-02-28,3.733   ,Thursday
2013-03-01,3.733   ,Friday
2013-03-02,3.733   ,Saturday
2013-03-03,3.733   ,Sunday
2013-03-04,214.68,Monday
2013-03-05,214.68,Tuesday
2013-03-06,214.68,Wednesday
2013-03-07,214.68,Thursday
2013-03-08,214.68,Friday
2013-03-09,214.68,Saturday
2013-03-10,214.68,Sunday
2013-03-11,3.643   ,Monday
2013-03-12,3.643   ,Tuesday
2013-03-13,3.643   ,Wednesday
2013-03-14,3.643   ,Thursday
2013-03-15,3.643   ,Friday
2013-03-16,3.643   ,Saturday
2013-03-17,3.643   ,Sunday
2013-03-18,215.68,Monday
2013-03-19,215.68,Tuesday
2013-03-20,215.68,Wednesday
2013-03-21,215.68,Thursday
2013-03-22,215.68,Friday
2013-03-23,215.68,Saturday
2013-03-24,215.68,Sunday
2013-03-25,3.631   ,Monday
2013-03-26,3.631   ,Tuesday
2013-03-27,3.631   ,Wednesday
2013-03-28,3.631   ,Thursday
2013-03-29,3.631   ,Friday
2013-03-30,3.631   ,Saturday
2013-03-31,3.631   ,Sunday
2013-04-01,216.68,Monday
2013-04-02,216.68,Tuesday
2013-04-03,216.68,Wednesday
2013-04-04,216.68,Thursday
2013-04-05,216.68,Friday
2013-04-06,216.68,Saturday
2013-04-07,216.68,Sunday
2013-04-08,3.595   ,Monday
2013-04-09,3.595   ,Tuesday
2013-04-10,3.595   ,Wednesday
2013-04-11,3.595   ,Thursday
2013-04-12,3.595   ,Friday
2013-04-13,3.595   ,Saturday
2013-04-14,3.595   ,Sunday
2013-04-15,217.68,Monday
2013-04-16,217.68,Tuesday
2013-04-17,217.68,Wednesday
2013-04-18,217.68,Thursday
2013-04-19,217.68,Friday
2013-04-20,217.68,Saturday
2013-04-21,217.68,Sunday
2013-04-22,3.496   ,Monday
2013-04-23,3.496   ,Tuesday
2013-04-24,3.496   ,Wednesday
2013-04-25,3.496   ,Thursday
2013-04-26,3.496   ,Friday
2013-04-27,3.496   ,Saturday
2013-04-28,3.496   ,Sunday
2013-04-29,218.68,Monday
2013-04-30,218.68,Tuesday
2013-05-01,218.68,Wednesday
2013-05-02,218.68,Thursday
2013-05-03,218.68,Friday
2013-05-04,218.68,Saturday
2013-05-05,218.68,Sunday
2013-05-06,3.446   ,Monday
2013-05-07,3.446   ,Tuesday
2013-05-08,3.446   ,Wednesday
2013-05-09,3.446   ,Thursday
2013-05-10,3.446   ,Friday
2013-05-11,3.446   ,Saturday
2013-05-12,3.446   ,Sunday
2013-05-13,219.68,Monday
2013-05-14,219.68,Tuesday
2013-05-15,219.68,Wednesday
2013-05-16,219.68,Thursday
2013-05-17,219.68,Friday
2013-05-18,219.68,Saturday
2013-05-19,219.68,Sunday
2013-05-20,3.491   ,Monday
2013-05-21,3.491   ,Tuesday
2013-05-22,3.491   ,Wednesday
2013-05-23,3.491   ,Thursday
2013-05-24,3.491   ,Friday
2013-05-25,3.491   ,Saturday
2013-05-26,3.491   ,Sunday
2013-05-27,220.68,Monday
2013-05-28,220.68,Tuesday
2013-05-29,220.68,Wednesday
2013-05-30,220.68,Thursday
2013-05-31,220.68,Friday
2013-06-01,220.68,Saturday
2013-06-02,220.68,Sunday
2013-06-03,3.464   ,Monday
2013-06-04,3.464   ,Tuesday
2013-06-05,3.464   ,Wednesday
2013-06-06,3.464   ,Thursday
2013-06-07,3.464   ,Friday
2013-06-08,3.464   ,Saturday
2013-06-09,3.464   ,Sunday
2013-06-10,221.68,Monday
2013-06-11,221.68,Tuesday
2013-06-12,221.68,Wednesday
2013-06-13,221.68,Thursday
2013-06-14,221.68,Friday
2013-06-15,221.68,Saturday
2013-06-16,221.68,Sunday
2013-06-17,3.485   ,Monday
2013-06-18,3.485   ,Tuesday
2013-06-19,3.485   ,Wednesday
2013-06-20,3.485   ,Thursday
2013-06-21,3.485   ,Friday
2013-06-22,3.485   ,Saturday
2013-06-23,3.485   ,Sunday
2013-06-24,222.68,Monday
2013-06-25,222.68,Tuesday
2013-06-26,222.68,Wednesday
2013-06-27,222.68,Thursday
2013-06-28,222.68,Friday
2013-06-29,222.68,Saturday
2013-06-30,222.68,Sunday
2013-07-01,3.442   ,Monday
2013-07-02,3.442   ,Tuesday
2013-07-03,3.442   ,Wednesday
2013-07-04,3.442   ,Thursday
2013-07-05,3.442   ,Friday
2013-07-06,3.442   ,Saturday
2013-07-07,3.442   ,Sunday
2013-07-08,223.68,Monday
2013-07-09,223.68,Tuesday
2013-07-10,223.68,Wednesday
2013-07-11,223.68,Thursday
2013-07-12,223.68,Friday
2013-07-13,223.68,Saturday
2013-07-14,223.68,Sunday
2013-07-15,3.549   ,Monday
2013-07-16,3.549   ,Tuesday
2013-07-17,3.549   ,Wednesday
2013-07-18,3.549   ,Thursday
2013-07-19,3.549   ,Friday
2013-07-20,3.549   ,Saturday
2013-07-21,3.549   ,Sunday
2013-07-22,224.68,Monday
2013-07-23,224.68,Tuesday
2013-07-24,224.68,Wednesday
2013-07-25,224.68,Thursday
2013-07-26,224.68,Friday
2013-07-27,224.68,Saturday
2013-07-28,224.68,Sunday
2013-07-29,3.599   ,Monday
2013-07-30,3.599   ,Tuesday
2013-07-31,3.599   ,Wednesday
2013-08-01,3.599   ,Thursday
2013-08-02,3.599   ,Friday
2013-08-03,3.599   ,Saturday
2013-08-04,3.599   ,Sunday
2013-08-05,225.68,Monday
2013-08-06,225.68,Tuesday
2013-08-07,225.68,Wednesday
2013-08-08,225.68,Thursday
2013-08-09,225.68,Friday
2013-08-10,225.68,Saturday
2013-08-11,225.68,Sunday
2013-08-12,3.484   ,Monday
2013-08-13,3.484   ,Tuesday
2013-08-14,3.484   ,Wednesday
2013-08-15,3.484   ,Thursday
2013-08-16,3.484   ,Friday
2013-08-17,3.484   ,Saturday
2013-08-18,3.484   ,Sunday
2013-08-19,226.68,Monday
2013-08-20,226.68,Tuesday
2013-08-21,226.68,Wednesday
2013-08-22,226.68,Thursday
2013-08-23,226.68,Friday
2013-08-24,226.68,Saturday
2013-08-25,226.68,Sunday
2013-08-26,3.451   ,Monday
2013-08-27,3.451   ,Tuesday
2013-08-28,3.451   ,Wednesday
2013-08-29,3.451   ,Thursday
2013-08-30,3.451   ,Friday
2013-08-31,3.451   ,Saturday
2013-09-01,3.451   ,Sunday
2013-09-02,227.68,Monday
2013-09-03,227.68,Tuesday
2013-09-04,227.68,Wednesday
2013-09-05,227.68,Thursday
2013-09-06,227.68,Friday
2013-09-07,227.68,Saturday
2013-09-08,227.68,Sunday
2013-09-09,3.395   ,Monday
2013-09-10,3.395   ,Tuesday
2013-09-11,3.395   ,Wednesday
2013-09-12,3.395   ,Thursday
2013-09-13,3.395   ,Friday
2013-09-14,3.395   ,Saturday
2013-09-15,3.395   ,Sunday
2013-09-16,228.68,Monday
2013-09-17,228.68,Tuesday
2013-09-18,228.68,Wednesday
2013-09-19,228.68,Thursday
2013-09-20,228.68,Friday
2013-09-21,228.68,Saturday
2013-09-22,228.68,Sunday
2013-09-23,3.277   ,Monday
2013-09-24,3.277   ,Tuesday
2013-09-25,3.277   ,Wednesday
2013-09-26,3.277   ,Thursday
2013-09-27,3.277   ,Friday
2013-09-28,3.277   ,Saturday
2013-09-29,3.277   ,Sunday
2013-09-30,229.68,Monday
2013-10-01,229.68,Tuesday
2013-10-02,229.68,Wednesday
2013-10-03,229.68,Thursday
2013-10-04,229.68,Friday
2013-10-05,229.68,Saturday
2013-10-06,229.68,Sunday
2013-10-07,3.184   ,Monday
2013-10-08,3.184   ,Tuesday
2013-10-09,3.184   ,Wednesday
2013-10-10,3.184   ,Thursday
2013-10-11,3.184   ,Friday
2013-10-12,3.184   ,Saturday
2013-10-13,3.184   ,Sunday
2013-10-14,230.68,Monday
2013-10-15,230.68,Tuesday
2013-10-16,230.68,Wednesday
2013-10-17,230.68,Thursday
2013-10-18,230.68,Friday
2013-10-19,230.68,Saturday
2013-10-20,230.68,Sunday
2013-10-21,3.215   ,Monday
2013-10-22,3.215   ,Tuesday
2013-10-23,3.215   ,Wednesday
2013-10-24,3.215   ,Thursday
2013-10-25,3.215   ,Friday
2013-10-26,3.215   ,Saturday
2013-10-27,3.215   ,Sunday
2013-10-28,231.68,Monday
2013-10-29,231.68,Tuesday
2013-10-30,231.68,Wednesday
2013-10-31,231.68,Thursday
2013-11-01,231.68,Friday
2013-11-02,231.68,Saturday
2013-11-03,231.68,Sunday
2013-11-04,3.146   ,Monday
2013-11-05,3.146   ,Tuesday
2013-11-06,3.146   ,Wednesday
2013-11-07,3.146   ,Thursday
2013-11-08,3.146   ,Friday
2013-11-09,3.146   ,Saturday
2013-11-10,3.146   ,Sunday
2013-11-11,232.68,Monday
2013-11-12,232.68,Tuesday
2013-11-13,232.68,Wednesday
2013-11-14,232.68,Thursday
2013-11-15,232.68,Friday
2013-11-16,232.68,Saturday
2013-11-17,232.68,Sunday
2013-11-18,3.176   ,Monday
2013-11-19,3.176   ,Tuesday
2013-11-20,3.176   ,Wednesday
2013-11-21,3.176   ,Thursday
2013-11-22,3.176   ,Friday
2013-11-23,3.176   ,Saturday
2013-11-24,3.176   ,Sunday
2013-11-25,233.68,Monday
2013-11-26,233.68,Tuesday
2013-11-27,233.68,Wednesday
2013-11-28,233.68,Thursday
2013-11-29,233.68,Friday
2013-11-30,233.68,Saturday
2013-12-01,233.68,Sunday
2013-12-02,3.301   ,Monday
2013-12-03,3.301   ,Tuesday
2013-12-04,3.301   ,Wednesday
2013-12-05,3.301   ,Thursday
2013-12-06,3.301   ,Friday
2013-12-07,3.301   ,Saturday
2013-12-08,3.301   ,Sunday
2013-12-09,234.68,Monday
2013-12-10,234.68,Tuesday
2013-12-11,234.68,Wednesday
2013-12-12,234.68,Thursday
2013-12-13,234.68,Friday
2013-12-14,234.68,Saturday
2013-12-15,234.68,Sunday
2013-12-16,3.235   ,Monday
2013-12-17,3.235   ,Tuesday
2013-12-18,3.235   ,Wednesday
2013-12-19,3.235   ,Thursday
2013-12-20,3.235   ,Friday
2013-12-21,3.235   ,Saturday
2013-12-22,3.235   ,Sunday
2013-12-23,235.68,Monday
2013-12-24,235.68,Tuesday
2013-12-25,235.68,Wednesday
2013-12-26,235.68,Thursday
2013-12-27,235.68,Friday
2013-12-28,235.68,Saturday
2013-12-29,235.68,Sunday
2013-12-30,3.323   ,Monday
2013-12-31,3.323   ,Tuesday
2014-01-01,3.323   ,Wednesday
2014-01-02,3.323   ,Thursday
2014-01-03,3.323   ,Friday
2014-01-04,3.323   ,Saturday
2014-01-05,3.323   ,Sunday
2014-01-06,236.68,Monday
2014-01-07,236.68,Tuesday
2014-01-08,236.68,Wednesday
2014-01-09,236.68,Thursday
2014-01-10,236.68,Friday
2014-01-11,236.68,Saturday
2014-01-12,236.68,Sunday
2014-01-13,3.280   ,Monday
2014-01-14,3.280   ,Tuesday
2014-01-15,3.280   ,Wednesday
2014-01-16,3.280   ,Thursday
2014-01-17,3.280   ,Friday
2014-01-18,3.280   ,Saturday
2014-01-19,3.280   ,Sunday
2014-01-20,237.68,Monday
2014-01-21,237.68,Tuesday
2014-01-22,237.68,Wednesday
2014-01-23,237.68,Thursday
2014-01-24,237.68,Friday
2014-01-25,237.68,Saturday
2014-01-26,237.68,Sunday
2014-01-27,3.226   ,Monday
2014-01-28,3.226   ,Tuesday
2014-01-29,3.226   ,Wednesday
2014-01-30,3.226   ,Thursday
2014-01-31,3.226   ,Friday
2014-02-01,3.226   ,Saturday
2014-02-02,3.226   ,Sunday
2014-02-03,238.68,Monday
2014-02-04,238.68,Tuesday
2014-02-05,238.68,Wednesday
2014-02-06,238.68,Thursday
2014-02-07,238.68,Friday
2014-02-08,238.68,Saturday
2014-02-09,238.68,Sunday
2014-02-10,3.194   ,Monday
2014-02-11,3.194   ,Tuesday
2014-02-12,3.194   ,Wednesday
2014-02-13,3.194   ,Thursday
2014-02-14,3.194   ,Friday
2014-02-15,3.194   ,Saturday
2014-02-16,3.194   ,Sunday
2014-02-17,239.68,Monday
2014-02-18,239.68,Tuesday
2014-02-19,239.68,Wednesday
2014-02-20,239.68,Thursday
2014-02-21,239.68,Friday
2014-02-22,239.68,Saturday
2014-02-23,239.68,Sunday
2014-02-24,3.286   ,Monday
2014-02-25,3.286   ,Tuesday
2014-02-26,3.286   ,Wednesday
2014-02-27,3.286   ,Thursday
2014-02-28,3.286   ,Friday
2014-03-01,3.286   ,Saturday
2014-03-02,3.286   ,Sunday
2014-03-03,240.68,Monday
2014-03-04,240.68,Tuesday
2014-03-05,240.68,Wednesday
2014-03-06,240.68,Thursday
2014-03-07,240.68,Friday
2014-03-08,240.68,Saturday
2014-03-09,240.68,Sunday
2014-03-10,3.337   ,Monday
2014-03-11,3.337   ,Tuesday
2014-03-12,3.337   ,Wednesday
2014-03-13,3.337   ,Thursday
2014-03-14,3.337   ,Friday
2014-03-15,3.337   ,Saturday
2014-03-16,3.337   ,Sunday
2014-03-17,241.68,Monday
2014-03-18,241.68,Tuesday
2014-03-19,241.68,Wednesday
2014-03-20,241.68,Thursday
2014-03-21,241.68,Friday
2014-03-22,241.68,Saturday
2014-03-23,241.68,Sunday
2014-03-24,3.432   ,Monday
2014-03-25,3.432   ,Tuesday
2014-03-26,3.432   ,Wednesday
2014-03-27,3.432   ,Thursday
2014-03-28,3.432   ,Friday
2014-03-29,3.432   ,Saturday
2014-03-30,3.432   ,Sunday
2014-03-31,242.68,Monday
2014-04-01,242.68,Tuesday
2014-04-02,242.68,Wednesday
2014-04-03,242.68,Thursday
2014-04-04,242.68,Friday
2014-04-05,242.68,Saturday
2014-04-06,242.68,Sunday
2014-04-07,3.536   ,Monday
2014-04-08,3.536   ,Tuesday
2014-04-09,3.536   ,Wednesday
2014-04-10,3.536   ,Thursday
2014-04-11,3.536   ,Friday
2014-04-12,3.536   ,Saturday
2014-04-13,3.536   ,Sunday
2014-04-14,243.68,Monday
2014-04-15,243.68,Tuesday
2014-04-16,243.68,Wednesday
2014-04-17,243.68,Thursday
2014-04-18,243.68,Friday
2014-04-19,243.68,Saturday
2014-04-20,243.68,Sunday
2014-04-21,3.566   ,Monday
2014-04-22,3.566   ,Tuesday
2014-04-23,3.566   ,Wednesday
2014-04-24,3.566   ,Thursday
2014-04-25,3.566   ,Friday
2014-04-26,3.566   ,Saturday
2014-04-27,3.566   ,Sunday
2014-04-28,244.68,Monday
2014-04-29,244.68,Tuesday
2014-04-30,244.68,Wednesday
2014-05-01,244.68,Thursday
2014-05-02,244.68,Friday
2014-05-03,244.68,Saturday
2014-05-04,244.68,Sunday
2014-05-05,3.573   ,Monday
2014-05-06,3.573   ,Tuesday
2014-05-07,3.573   ,Wednesday
2014-05-08,3.573   ,Thursday
2014-05-09,3.573   ,Friday
2014-05-10,3.573   ,Saturday
2014-05-11,3.573   ,Sunday
2014-05-12,245.68,Monday
2014-05-13,245.68,Tuesday
2014-05-14,245.68,Wednesday
2014-05-15,245.68,Thursday
2014-05-16,245.68,Friday
2014-05-17,245.68,Saturday
2014-05-18,245.68,Sunday
2014-05-19,3.527   ,Monday
2014-05-20,3.527   ,Tuesday
2014-05-21,3.527   ,Wednesday
2014-05-22,3.527   ,Thursday
2014-05-23,3.527   ,Friday
2014-05-24,3.527   ,Saturday
2014-05-25,3.527   ,Sunday
2014-05-26,246.68,Monday
2014-05-27,246.68,Tuesday
2014-05-28,246.68,Wednesday
2014-05-29,246.68,Thursday
2014-05-30,246.68,Friday
2014-05-31,246.68,Saturday
2014-06-01,246.68,Sunday
2014-06-02,3.557   ,Monday
2014-06-03,3.557   ,Tuesday
2014-06-04,3.557   ,Wednesday
2014-06-05,3.557   ,Thursday
2014-06-06,3.557   ,Friday
2014-06-07,3.557   ,Saturday
2014-06-08,3.557   ,Sunday
2014-06-09,247.68,Monday
2014-06-10,247.68,Tuesday
2014-06-11,247.68,Wednesday
2014-06-12,247.68,Thursday
2014-06-13,247.68,Friday
2014-06-14,247.68,Saturday
2014-06-15,247.68,Sunday
2014-06-16,3.564   ,Monday
2014-06-17,3.564   ,Tuesday
2014-06-18,3.564   ,Wednesday
2014-06-19,3.564   ,Thursday
2014-06-20,3.564   ,Friday
2014-06-21,3.564   ,Saturday
2014-06-22,3.564   ,Sunday
2014-06-23,248.68,Monday
2014-06-24,248.68,Tuesday
2014-06-25,248.68,Wednesday
2014-06-26,248.68,Thursday
2014-06-27,248.68,Friday
2014-06-28,248.68,Saturday
2014-06-29,248.68,Sunday
2014-06-30,3.602   ,Monday
2014-07-01,3.602   ,Tuesday
2014-07-02,3.602   ,Wednesday
2014-07-03,3.602   ,Thursday
2014-07-04,3.602   ,Friday
2014-07-05,3.602   ,Saturday
2014-07-06,3.602   ,Sunday
2014-07-07,249.68,Monday
2014-07-08,249.68,Tuesday
2014-07-09,249.68,Wednesday
2014-07-10,249.68,Thursday
2014-07-11,249.68,Friday
2014-07-12,249.68,Saturday
2014-07-13,249.68,Sunday
2014-07-14,3.532   ,Monday
2014-07-15,3.532   ,Tuesday
2014-07-16,3.532   ,Wednesday
2014-07-17,3.532   ,Thursday
2014-07-18,3.532   ,Friday
2014-07-19,3.532   ,Saturday
2014-07-20,3.532   ,Sunday
2014-07-21,250.68,Monday
2014-07-22,250.68,Tuesday
2014-07-23,250.68,Wednesday
2014-07-24,250.68,Thursday
2014-07-25,250.68,Friday
2014-07-26,250.68,Saturday
2014-07-27,250.68,Sunday
2014-07-28,3.439   ,Monday
2014-07-29,3.439   ,Tuesday
2014-07-30,3.439   ,Wednesday
2014-07-31,3.439   ,Thursday
2014-08-01,3.439   ,Friday
2014-08-02,3.439   ,Saturday
2014-08-03,3.439   ,Sunday
2014-08-04,251.68,Monday
2014-08-05,251.68,Tuesday
2014-08-06,251.68,Wednesday
2014-08-07,251.68,Thursday
2014-08-08,251.68,Friday
2014-08-09,251.68,Saturday
2014-08-10,251.68,Sunday
2014-08-11,3.353   ,Monday
2014-08-12,3.353   ,Tuesday
2014-08-13,3.353   ,Wednesday
2014-08-14,3.353   ,Thursday
2014-08-15,3.353   ,Friday
2014-08-16,3.353   ,Saturday
2014-08-17,3.353   ,Sunday
2014-08-18,252.68,Monday
2014-08-19,252.68,Tuesday
2014-08-20,252.68,Wednesday
2014-08-21,252.68,Thursday
2014-08-22,252.68,Friday
2014-08-23,252.68,Saturday
2014-08-24,252.68,Sunday
2014-08-25,3.287   ,Monday
2014-08-26,3.287   ,Tuesday
2014-08-27,3.287   ,Wednesday
2014-08-28,3.287   ,Thursday
2014-08-29,3.287   ,Friday
2014-08-30,3.287   ,Saturday
2014-08-31,3.287   ,Sunday
2014-09-01,253.68,Monday
2014-09-02,253.68,Tuesday
2014-09-03,253.68,Wednesday
2014-09-04,253.68,Thursday
2014-09-05,253.68,Friday
2014-09-06,253.68,Saturday
2014-09-07,253.68,Sunday
2014-09-08,3.250   ,Monday
2014-09-09,3.250   ,Tuesday
2014-09-10,3.250   ,Wednesday
2014-09-11,3.250   ,Thursday
2014-09-12,3.250   ,Friday
2014-09-13,3.250   ,Saturday
2014-09-14,3.250   ,Sunday
2014-09-15,254.68,Monday
2014-09-16,254.68,Tuesday
2014-09-17,254.68,Wednesday
2014-09-18,254.68,Thursday
2014-09-19,254.68,Friday
2014-09-20,254.68,Saturday
2014-09-21,254.68,Sunday
2014-09-22,3.183   ,Monday
2014-09-23,3.183   ,Tuesday
2014-09-24,3.183   ,Wednesday
2014-09-25,3.183   ,Thursday
2014-09-26,3.183   ,Friday
2014-09-27,3.183   ,Saturday
2014-09-28,3.183   ,Sunday
2014-09-29,255.68,Monday
2014-09-30,255.68,Tuesday
2014-10-01,255.68,Wednesday
2014-10-02,255.68,Thursday
2014-10-03,255.68,Friday
2014-10-04,255.68,Saturday
2014-10-05,255.68,Sunday
2014-10-06,3.145   ,Monday
2014-10-07,3.145   ,Tuesday
2014-10-08,3.145   ,Wednesday
2014-10-09,3.145   ,Thursday
2014-10-10,3.145   ,Friday
2014-10-11,3.145   ,Saturday
2014-10-12,3.145   ,Sunday
2014-10-13,256.68,Monday
2014-10-14,256.68,Tuesday
2014-10-15,256.68,Wednesday
2014-10-16,256.68,Thursday
2014-10-17,256.68,Friday
2014-10-18,256.68,Saturday
2014-10-19,256.68,Sunday
2014-10-20,2.971   ,Monday
2014-10-21,2.971   ,Tuesday
2014-10-22,2.971   ,Wednesday
2014-10-23,2.971   ,Thursday
2014-10-24,2.971   ,Friday
2014-10-25,2.971   ,Saturday
2014-10-26,2.971   ,Sunday
2014-10-27,257.68,Monday
2014-10-28,257.68,Tuesday
2014-10-29,257.68,Wednesday
2014-10-30,257.68,Thursday
2014-10-31,257.68,Friday
2014-11-01,257.68,Saturday
2014-11-02,257.68,Sunday
2014-11-03,2.816   ,Monday
2014-11-04,2.816   ,Tuesday
2014-11-05,2.816   ,Wednesday
2014-11-06,2.816   ,Thursday
2014-11-07,2.816   ,Friday
2014-11-08,2.816   ,Saturday
2014-11-09,2.816   ,Sunday
2014-11-10,258.68,Monday
2014-11-11,258.68,Tuesday
2014-11-12,258.68,Wednesday
2014-11-13,258.68,Thursday
2014-11-14,258.68,Friday
2014-11-15,258.68,Saturday
2014-11-16,258.68,Sunday
2014-11-17,2.754   ,Monday
2014-11-18,2.754   ,Tuesday
2014-11-19,2.754   ,Wednesday
2014-11-20,2.754   ,Thursday
2014-11-21,2.754   ,Friday
2014-11-22,2.754   ,Saturday
2014-11-23,2.754   ,Sunday
2014-11-24,259.68,Monday
2014-11-25,259.68,Tuesday
2014-11-26,259.68,Wednesday
2014-11-27,259.68,Thursday
2014-11-28,259.68,Friday
2014-11-29,259.68,Saturday
2014-11-30,259.68,Sunday
2014-12-01,2.680   ,Monday
2014-12-02,2.680   ,Tuesday
2014-12-03,2.680   ,Wednesday
2014-12-04,2.680   ,Thursday
2014-12-05,2.680   ,Friday
2014-12-06,2.680   ,Saturday
2014-12-07,2.680   ,Sunday
2014-12-08,260.68,Monday
2014-12-09,260.68,Tuesday
2014-12-10,260.68,Wednesday
2014-12-11,260.68,Thursday
2014-12-12,260.68,Friday
2014-12-13,260.68,Saturday
2014-12-14,260.68,Sunday
2014-12-15,2.493   ,Monday
2014-12-16,2.493   ,Tuesday
2014-12-17,2.493   ,Wednesday
2014-12-18,2.493   ,Thursday
2014-12-19,2.493   ,Friday
2014-12-20,2.493   ,Saturday
2014-12-21,2.493   ,Sunday
2014-12-22,261.68,Monday
2014-12-23,261.68,Tuesday
2014-12-24,261.68,Wednesday
2014-12-25,261.68,Thursday
2014-12-26,261.68,Friday
2014-12-27,261.68,Saturday
2014-12-28,261.68,Sunday
2014-12-29,2.281   ,Monday
2014-12-30,2.281   ,Tuesday
2014-12-31,2.281   ,Wednesday
