Date,Ridership
1/1/2005,157000
1/2/2005,146000
1/3/2005,533000
1/4/2005,601000
1/5/2005,605000
1/6/2005,622000
1/7/2005,609000
1/8/2005,222000
1/9/2005,143000
1/10/2005,627000
1/11/2005,656000
1/12/2005,671000
1/13/2005,663000
1/14/2005,632000
1/15/2005,246000
1/16/2005,160000
1/17/2005,221000
1/18/2005,642000
1/19/2005,753000
1/20/2005,574000
1/21/2005,655000
1/22/2005,182000
1/23/2005,131000
1/24/2005,636000
1/25/2005,652000
1/26/2005,666000
1/27/2005,646000
1/28/2005,630000
1/29/2005,251000
1/30/2005,130000
1/31/2005,609000
2/1/2005,658000
2/2/2005,661000
2/3/2005,652000
2/4/2005,645000
2/5/2005,257000
2/6/2005,147000
2/7/2005,626000
2/8/2005,653000
2/9/2005,669000
2/10/2005,655000
2/11/2005,648000
2/12/2005,256000
2/13/2005,176000
2/14/2005,608000
2/15/2005,652000
2/16/2005,661000
2/17/2005,669000
2/18/2005,647000
2/19/2005,275000
2/20/2005,178000
2/21/2005,256000
2/22/2005,649000
2/23/2005,679000
2/24/2005,609000
2/25/2005,644000
2/26/2005,260000
2/27/2005,171000
2/28/2005,545000
3/1/2005,640000
3/2/2005,674000
3/3/2005,670000
3/4/2005,669000
3/5/2005,265000
3/6/2005,180000
3/7/2005,648000
3/8/2005,639000
3/9/2005,668000
3/10/2005,695000
3/11/2005,692000
3/12/2005,313000
3/13/2005,202000
3/14/2005,663000
3/15/2005,690000
3/16/2005,689000
3/17/2005,698000
3/18/2005,686000
3/19/2005,317000
3/20/2005,190000
3/21/2005,676000
3/22/2005,718000
3/23/2005,677000
3/24/2005,717000
3/25/2005,640000
3/26/2005,301000
3/27/2005,165000
3/28/2005,610000
3/29/2005,710000
3/30/2005,741000
3/31/2005,717000
4/1/2005,717000
4/2/2005,253000
4/3/2005,229000
4/4/2005,670000
4/5/2005,724000
4/6/2005,751000
4/7/2005,722000
4/8/2005,720000
4/9/2005,558000
4/10/2005,325000
4/11/2005,685000
4/12/2005,693000
4/13/2005,708000
4/14/2005,759000
4/15/2005,727000
4/16/2005,376000
4/17/2005,274000
4/18/2005,709000
4/19/2005,744000
4/20/2005,747000
4/21/2005,728000
4/22/2005,689000
4/23/2005,265000
4/24/2005,172000
4/25/2005,665000
4/26/2005,707000
4/27/2005,710000
4/28/2005,707000
4/29/2005,708000
4/30/2005,288000
5/1/2005,209000
5/2/2005,657000
5/3/2005,680000
5/4/2005,681000
5/5/2005,689000
5/6/2005,676000
5/7/2005,268000
5/8/2005,171000
5/9/2005,634000
5/10/2005,686000
5/11/2005,691000
5/12/2005,707000
5/13/2005,718000
5/14/2005,341000
5/15/2005,214000
5/16/2005,679000
5/17/2005,714000
5/18/2005,721000
5/19/2005,718000
5/20/2005,638000
5/21/2005,303000
5/22/2005,211000
5/23/2005,657000
5/24/2005,676000
5/25/2005,689000
5/26/2005,709000
5/27/2005,651000
5/28/2005,291000
5/29/2005,273000
5/30/2005,253000
5/31/2005,676000
6/1/2005,726000
6/2/2005,722000
6/3/2005,687000
6/4/2005,378000
6/5/2005,234000
6/6/2005,687000
6/7/2005,748000
6/8/2005,758000
6/9/2005,748000
6/10/2005,734000
6/11/2005,330000
6/12/2005,243000
6/13/2005,700000
6/14/2005,734000
6/15/2005,746000
6/16/2005,741000
6/17/2005,717000
6/18/2005,298000
6/19/2005,195000
6/20/2005,685000
6/21/2005,739000
6/22/2005,727000
6/23/2005,751000
6/24/2005,745000
6/25/2005,387000
6/26/2005,258000
6/27/2005,692000
6/28/2005,755000
6/29/2005,748000
6/30/2005,757000
7/1/2005,685000
7/2/2005,323000
7/3/2005,284000
7/4/2005,533000
7/5/2005,692000
7/6/2005,753000
7/7/2005,709000
7/8/2005,676000
7/9/2005,298000
7/10/2005,201000
7/11/2005,698000
7/12/2005,731000
7/13/2005,725000
7/14/2005,728000
7/15/2005,708000
7/16/2005,283000
7/17/2005,203000
7/18/2005,711000
7/19/2005,748000
7/20/2005,761000
7/21/2005,765000
7/22/2005,748000
7/23/2005,341000
7/24/2005,237000
7/25/2005,683000
7/26/2005,716000
7/27/2005,708000
7/28/2005,736000
7/29/2005,694000
7/30/2005,304000
7/31/2005,197000
8/1/2005,667000
8/2/2005,725000
8/3/2005,727000
8/4/2005,723000
8/5/2005,697000
8/6/2005,306000
8/7/2005,214000
8/8/2005,641000
8/9/2005,668000
8/10/2005,702000
8/11/2005,682000
8/12/2005,658000
8/13/2005,273000
8/14/2005,178000
8/15/2005,616000
8/16/2005,643000
8/17/2005,664000
8/18/2005,664000
8/19/2005,634000
8/20/2005,265000
8/21/2005,185000
8/22/2005,611000
8/23/2005,671000
8/24/2005,677000
8/25/2005,676000
8/26/2005,687000
8/27/2005,269000
8/28/2005,201000
8/29/2005,625000
8/30/2005,656000
8/31/2005,662000
9/1/2005,668000
9/2/2005,658000
9/3/2005,286000
9/4/2005,219000
9/5/2005,193000
9/6/2005,660000
9/7/2005,700000
9/8/2005,709000
9/9/2005,723000
9/10/2005,322000
9/11/2005,228000
9/12/2005,667000
9/13/2005,706000
9/14/2005,705000
9/15/2005,705000
9/16/2005,699000
9/17/2005,296000
9/18/2005,177000
9/19/2005,659000
9/20/2005,710000
9/21/2005,727000
9/22/2005,723000
9/23/2005,723000
9/24/2005,447000
9/25/2005,201000
9/26/2005,664000
9/27/2005,705000
9/28/2005,703000
9/29/2005,698000
9/30/2005,719000
10/1/2005,319000
10/2/2005,238000
10/3/2005,701000
10/4/2005,702000
10/5/2005,733000
10/6/2005,716000
10/7/2005,674000
10/8/2005,267000
10/9/2005,225000
10/10/2005,359000
10/11/2005,683000
10/12/2005,701000
10/13/2005,691000
10/14/2005,714000
10/15/2005,391000
10/16/2005,202000
10/17/2005,684000
10/18/2005,713000
10/19/2005,737000
10/20/2005,748000
10/21/2005,704000
10/22/2005,290000
10/23/2005,213000
10/24/2005,665000
10/25/2005,678000
10/26/2005,707000
10/27/2005,717000
10/28/2005,729000
10/29/2005,325000
10/30/2005,307000
10/31/2005,683000
11/1/2005,712000
11/2/2005,724000
11/3/2005,727000
11/4/2005,720000
11/5/2005,307000
11/6/2005,208000
11/7/2005,668000
11/8/2005,698000
11/9/2005,709000
11/10/2005,703000
11/11/2005,483000
11/12/2005,327000
11/13/2005,215000
11/14/2005,691000
11/15/2005,737000
11/16/2005,716000
11/17/2005,715000
11/18/2005,695000
11/19/2005,298000
11/20/2005,189000
11/21/2005,654000
11/22/2005,674000
11/23/2005,594000
11/24/2005,178000
11/25/2005,323000
11/26/2005,218000
11/27/2005,164000
11/28/2005,625000
11/29/2005,665000
11/30/2005,699000
12/1/2005,717000
12/2/2005,697000
12/3/2005,268000
12/4/2005,160000
12/5/2005,675000
12/6/2005,687000
12/7/2005,710000
12/8/2005,708000
12/9/2005,621000
12/10/2005,270000
12/11/2005,164000
12/12/2005,655000
12/13/2005,690000
12/14/2005,684000
12/15/2005,673000
12/16/2005,676000
12/17/2005,270000
12/18/2005,184000
12/19/2005,641000
12/20/2005,654000
12/21/2005,634000
12/22/2005,602000
12/23/2005,484000
12/24/2005,155000
12/25/2005,52000
12/26/2005,180000
12/27/2005,483000
12/28/2005,541000
12/29/2005,520000
12/30/2005,515000
12/31/2005,242000
1/1/2006,121000
1/2/2006,157000
1/3/2006,583000
1/4/2006,626000
1/5/2006,638000
1/6/2006,636000
1/7/2006,224000
1/8/2006,149000
1/9/2006,646000
1/10/2006,686000
1/11/2006,682000
1/12/2006,691000
1/13/2006,681000
1/14/2006,260000
1/15/2006,169000
1/16/2006,250000
1/17/2006,660000
1/18/2006,667000
1/19/2006,697000
1/20/2006,695000
1/21/2006,289000
1/22/2006,176000
1/23/2006,699000
1/24/2006,697000
1/25/2006,687000
1/26/2006,691000
1/27/2006,690000
1/28/2006,332000
1/29/2006,188000
1/30/2006,649000
1/31/2006,673000
2/1/2006,690000
2/2/2006,706000
2/3/2006,697000
2/4/2006,238000
2/5/2006,173000
2/6/2006,656000
2/7/2006,693000
2/8/2006,697000
2/9/2006,697000
2/10/2006,699000
2/11/2006,240000
2/12/2006,148000
2/13/2006,626000
2/14/2006,690000
2/15/2006,696000
2/16/2006,706000
2/17/2006,688000
2/18/2006,279000
2/19/2006,187000
2/20/2006,270000
2/21/2006,677000
2/22/2006,678000
2/23/2006,695000
2/24/2006,692000
2/25/2006,289000
2/26/2006,156000
2/27/2006,649000
2/28/2006,678000
3/1/2006,691000
3/2/2006,694000
3/3/2006,682000
3/4/2006,270000
3/5/2006,181000
3/6/2006,664000
3/7/2006,736000
3/8/2006,718000
3/9/2006,717000
3/10/2006,716000
3/11/2006,352000
3/12/2006,222000
3/13/2006,682000
3/14/2006,725000
3/15/2006,722000
3/16/2006,731000
3/17/2006,728000
3/18/2006,298000
3/19/2006,197000
3/20/2006,684000
3/21/2006,704000
3/22/2006,709000
3/23/2006,717000
3/24/2006,729000
3/25/2006,347000
3/26/2006,238000
3/27/2006,699000
3/28/2006,728000
3/29/2006,737000
3/30/2006,756000
3/31/2006,802000
4/1/2006,458000
4/2/2006,358000
4/3/2006,692000
4/4/2006,750000
4/5/2006,748000
4/6/2006,743000
4/7/2006,727000
4/8/2006,322000
4/9/2006,245000
4/10/2006,808000
4/11/2006,760000
4/12/2006,742000
4/13/2006,729000
4/14/2006,690000
4/15/2006,341000
4/16/2006,195000
4/17/2006,658000
4/18/2006,760000
4/19/2006,762000
4/20/2006,777000
4/21/2006,755000
4/22/2006,279000
4/23/2006,204000
4/24/2006,689000
4/25/2006,726000
4/26/2006,722000
4/27/2006,732000
4/28/2006,725000
4/29/2006,300000
4/30/2006,259000
5/1/2006,664000
5/2/2006,712000
5/3/2006,726000
5/4/2006,734000
5/5/2006,736000
5/6/2006,309000
5/7/2006,208000
5/8/2006,650000
5/9/2006,706000
5/10/2006,720000
5/11/2006,697000
5/12/2006,705000
5/13/2006,296000
5/14/2006,154000
5/15/2006,664000
5/16/2006,712000
5/17/2006,727000
5/18/2006,737000
5/19/2006,745000
5/20/2006,368000
5/21/2006,239000
5/22/2006,695000
5/23/2006,734000
5/24/2006,739000
5/25/2006,721000
5/26/2006,677000
5/27/2006,327000
5/28/2006,293000
5/29/2006,246000
5/30/2006,702000
5/31/2006,725000
6/1/2006,736000
6/2/2006,716000
6/3/2006,335000
6/4/2006,210000
6/5/2006,708000
6/6/2006,754000
6/7/2006,760000
6/8/2006,770000
6/9/2006,749000
6/10/2006,344000
6/11/2006,249000
6/12/2006,719000
6/13/2006,781000
6/14/2006,769000
6/15/2006,774000
6/16/2006,777000
6/17/2006,337000
6/18/2006,230000
6/19/2006,695000
6/20/2006,750000
6/21/2006,763000
6/22/2006,750000
6/23/2006,731000
6/24/2006,330000
6/25/2006,197000
6/26/2006,600000
6/27/2006,720000
6/28/2006,751000
6/29/2006,768000
6/30/2006,765000
7/1/2006,342000
7/2/2006,264000
7/3/2006,590000
7/4/2006,443000
7/5/2006,699000
7/6/2006,745000
7/7/2006,762000
7/8/2006,328000
7/9/2006,228000
7/10/2006,725000
7/11/2006,764000
7/12/2006,765000
7/13/2006,763000
7/14/2006,748000
7/15/2006,316000
7/16/2006,214000
7/17/2006,710000
7/18/2006,747000
7/19/2006,764000
7/20/2006,763000
7/21/2006,774000
7/22/2006,332000
7/23/2006,235000
7/24/2006,713000
7/25/2006,771000
7/26/2006,778000
7/27/2006,778000
7/28/2006,745000
7/29/2006,313000
7/30/2006,203000
7/31/2006,686000
8/1/2006,713000
8/2/2006,708000
8/3/2006,714000
8/4/2006,710000
8/5/2006,297000
8/6/2006,200000
8/7/2006,658000
8/8/2006,717000
8/9/2006,710000
8/10/2006,689000
8/11/2006,691000
8/12/2006,320000
8/13/2006,207000
8/14/2006,648000
8/15/2006,692000
8/16/2006,692000
8/17/2006,686000
8/18/2006,658000
8/19/2006,277000
8/20/2006,175000
8/21/2006,626000
8/22/2006,663000
8/23/2006,676000
8/24/2006,666000
8/25/2006,651000
8/26/2006,267000
8/27/2006,172000
8/28/2006,635000
8/29/2006,688000
8/30/2006,675000
8/31/2006,683000
9/1/2006,570000
9/2/2006,247000
9/3/2006,224000
9/4/2006,208000
9/5/2006,631000
9/6/2006,700000
9/7/2006,731000
9/8/2006,705000
9/9/2006,292000
9/10/2006,195000
9/11/2006,677000
9/12/2006,708000
9/13/2006,708000
9/14/2006,699000
9/15/2006,713000
9/16/2006,292000
9/17/2006,199000
9/18/2006,684000
9/19/2006,719000
9/20/2006,731000
9/21/2006,715000
9/22/2006,695000
9/23/2006,276000
9/24/2006,171000
9/25/2006,679000
9/26/2006,718000
9/27/2006,733000
9/28/2006,717000
9/29/2006,739000
9/30/2006,341000
10/1/2006,218000
10/2/2006,661000
10/3/2006,711000
10/4/2006,719000
10/5/2006,720000
10/6/2006,668000
10/7/2006,308000
10/8/2006,238000
10/9/2006,377000
10/10/2006,731000
10/11/2006,726000
10/12/2006,725000
10/13/2006,734000
10/14/2006,344000
10/15/2006,214000
10/16/2006,681000
10/17/2006,689000
10/18/2006,724000
10/19/2006,727000
10/20/2006,732000
10/21/2006,321000
10/22/2006,189000
10/23/2006,673000
10/24/2006,711000
10/25/2006,720000
10/26/2006,724000
10/27/2006,715000
10/28/2006,324000
10/29/2006,298000
10/30/2006,682000
10/31/2006,706000
11/1/2006,713000
11/2/2006,721000
11/3/2006,731000
11/4/2006,302000
11/5/2006,202000
11/6/2006,683000
11/7/2006,690000
11/8/2006,704000
11/9/2006,718000
11/10/2006,502000
11/11/2006,337000
11/12/2006,160000
11/13/2006,675000
11/14/2006,719000
11/15/2006,737000
11/16/2006,679000
11/17/2006,734000
11/18/2006,322000
11/19/2006,179000
11/20/2006,681000
11/21/2006,688000
11/22/2006,587000
11/23/2006,95000
11/24/2006,372000
11/25/2006,257000
11/26/2006,179000
11/27/2006,644000
11/28/2006,695000
11/29/2006,704000
11/30/2006,710000
12/1/2006,701000
12/2/2006,293000
12/3/2006,191000
12/4/2006,676000
12/5/2006,705000
12/6/2006,713000
12/7/2006,724000
12/8/2006,682000
12/9/2006,278000
12/10/2006,181000
12/11/2006,674000
12/12/2006,699000
12/13/2006,704000
12/14/2006,709000
12/15/2006,707000
12/16/2006,284000
12/17/2006,172000
12/18/2006,664000
12/19/2006,690000
12/20/2006,673000
12/21/2006,636000
12/22/2006,535000
12/23/2006,211000
12/24/2006,123000
12/25/2006,56000
12/26/2006,374000
12/27/2006,510000
12/28/2006,544000
12/29/2006,535000
12/30/2006,288000
12/31/2006,214000
1/1/2007,126000
1/2/2007,366000
1/3/2007,636000
1/4/2007,663000
1/5/2007,644000
1/6/2007,295000
1/7/2007,145000
1/8/2007,646000
1/9/2007,688000
1/10/2007,696000
1/11/2007,691000
1/12/2007,686000
1/13/2007,299000
1/14/2007,191000
1/15/2007,256000
1/16/2007,669000
1/17/2007,694000
1/18/2007,688000
1/19/2007,687000
1/20/2007,281000
1/21/2007,174000
1/22/2007,691000
1/23/2007,722000
1/24/2007,719000
1/25/2007,719000
1/26/2007,693000
1/27/2007,427000
1/28/2007,189000
1/29/2007,652000
1/30/2007,695000
1/31/2007,686000
2/1/2007,708000
2/2/2007,700000
2/3/2007,277000
2/4/2007,161000
2/5/2007,643000
2/6/2007,663000
2/7/2007,659000
2/8/2007,688000
2/9/2007,675000
2/10/2007,282000
2/11/2007,167000
2/12/2007,673000
2/13/2007,668000
2/14/2007,460000
2/15/2007,666000
2/16/2007,686000
2/17/2007,294000
2/18/2007,215000
2/19/2007,277000
2/20/2007,695000
2/21/2007,718000
2/22/2007,718000
2/23/2007,701000
2/24/2007,295000
2/25/2007,150000
2/26/2007,645000
2/27/2007,702000
2/28/2007,725000
3/1/2007,717000
3/2/2007,714000
3/3/2007,317000
3/4/2007,183000
3/5/2007,674000
3/6/2007,704000
3/7/2007,693000
3/8/2007,724000
3/9/2007,723000
3/10/2007,360000
3/11/2007,217000
3/12/2007,701000
3/13/2007,748000
3/14/2007,735000
3/15/2007,725000
3/16/2007,683000
3/17/2007,337000
3/18/2007,200000
3/19/2007,686000
3/20/2007,734000
3/21/2007,733000
3/22/2007,744000
3/23/2007,730000
3/24/2007,330000
3/25/2007,222000
3/26/2007,689000
3/27/2007,752000
3/28/2007,746000
3/29/2007,740000
3/30/2007,754000
3/31/2007,455000
4/1/2007,255000
4/2/2007,776000
4/3/2007,825000
4/4/2007,751000
4/5/2007,763000
4/6/2007,736000
4/7/2007,352000
4/8/2007,190000
4/9/2007,674000
4/10/2007,747000
4/11/2007,743000
4/12/2007,755000
4/13/2007,763000
4/14/2007,387000
4/15/2007,175000
4/16/2007,656000
4/17/2007,740000
4/18/2007,746000
4/19/2007,744000
4/20/2007,749000
4/21/2007,343000
4/22/2007,216000
4/23/2007,685000
4/24/2007,722000
4/25/2007,726000
4/26/2007,727000
4/27/2007,711000
4/28/2007,336000
4/29/2007,233000
4/30/2007,697000
5/1/2007,726000
5/2/2007,725000
5/3/2007,725000
5/4/2007,720000
5/5/2007,285000
5/6/2007,203000
5/7/2007,676000
5/8/2007,720000
5/9/2007,726000
5/10/2007,728000
5/11/2007,726000
5/12/2007,334000
5/13/2007,205000
5/14/2007,691000
5/15/2007,742000
5/16/2007,733000
5/17/2007,751000
5/18/2007,720000
5/19/2007,342000
5/20/2007,242000
5/21/2007,702000
5/22/2007,743000
5/23/2007,744000
5/24/2007,733000
5/25/2007,687000
5/26/2007,314000
5/27/2007,261000
5/28/2007,241000
5/29/2007,699000
5/30/2007,737000
5/31/2007,745000
6/1/2007,743000
6/2/2007,372000
6/3/2007,182000
6/4/2007,720000
6/5/2007,777000
6/6/2007,790000
6/7/2007,788000
6/8/2007,747000
6/9/2007,386000
6/10/2007,239000
6/11/2007,742000
6/12/2007,773000
6/13/2007,782000
6/14/2007,780000
6/15/2007,761000
6/16/2007,323000
6/17/2007,209000
6/18/2007,732000
6/19/2007,748000
6/20/2007,793000
6/21/2007,781000
6/22/2007,797000
6/23/2007,433000
6/24/2007,278000
6/25/2007,751000
6/26/2007,778000
6/27/2007,774000
6/28/2007,775000
6/29/2007,758000
6/30/2007,342000
7/1/2007,259000
7/2/2007,747000
7/3/2007,787000
7/4/2007,493000
7/5/2007,710000
7/6/2007,736000
7/7/2007,358000
7/8/2007,228000
7/9/2007,724000
7/10/2007,756000
7/11/2007,767000
7/12/2007,790000
7/13/2007,787000
7/14/2007,353000
7/15/2007,233000
7/16/2007,756000
7/17/2007,796000
7/18/2007,799000
7/19/2007,786000
7/20/2007,779000
7/21/2007,348000
7/22/2007,230000
7/23/2007,734000
7/24/2007,771000
7/25/2007,791000
7/26/2007,780000
7/27/2007,753000
7/28/2007,334000
7/29/2007,205000
7/30/2007,711000
7/31/2007,769000
8/1/2007,771000
8/2/2007,768000
8/3/2007,753000
8/4/2007,324000
8/5/2007,225000
8/6/2007,700000
8/7/2007,724000
8/8/2007,703000
8/9/2007,761000
8/10/2007,716000
8/11/2007,316000
8/12/2007,203000
8/13/2007,675000
8/14/2007,720000
8/15/2007,709000
8/16/2007,699000
8/17/2007,704000
8/18/2007,329000
8/19/2007,194000
8/20/2007,636000
8/21/2007,665000
8/22/2007,698000
8/23/2007,695000
8/24/2007,681000
8/25/2007,264000
8/26/2007,179000
8/27/2007,651000
8/28/2007,691000
8/29/2007,692000
8/30/2007,686000
8/31/2007,664000
9/1/2007,305000
9/2/2007,231000
9/3/2007,201000
9/4/2007,674000
9/5/2007,717000
9/6/2007,733000
9/7/2007,713000
9/8/2007,305000
9/9/2007,216000
9/10/2007,688000
9/11/2007,708000
9/12/2007,731000
9/13/2007,718000
9/14/2007,716000
9/15/2007,348000
9/16/2007,211000
9/17/2007,706000
9/18/2007,749000
9/19/2007,749000
9/20/2007,752000
9/21/2007,747000
9/22/2007,316000
9/23/2007,237000
9/24/2007,694000
9/25/2007,734000
9/26/2007,741000
9/27/2007,733000
9/28/2007,732000
9/29/2007,361000
9/30/2007,200000
10/1/2007,696000
10/2/2007,726000
10/3/2007,736000
10/4/2007,742000
10/5/2007,742000
10/6/2007,381000
10/7/2007,274000
10/8/2007,384000
10/9/2007,726000
10/10/2007,754000
10/11/2007,750000
10/12/2007,748000
10/13/2007,345000
10/14/2007,212000
10/15/2007,710000
10/16/2007,752000
10/17/2007,758000
10/18/2007,766000
10/19/2007,751000
10/20/2007,376000
10/21/2007,225000
10/22/2007,697000
10/23/2007,733000
10/24/2007,737000
10/25/2007,743000
10/26/2007,736000
10/27/2007,343000
10/28/2007,319000
10/29/2007,702000
10/30/2007,745000
10/31/2007,741000
11/1/2007,756000
11/2/2007,759000
11/3/2007,341000
11/4/2007,205000
11/5/2007,731000
11/6/2007,736000
11/7/2007,748000
11/8/2007,751000
11/9/2007,737000
11/10/2007,340000
11/11/2007,238000
11/12/2007,409000
11/13/2007,718000
11/14/2007,748000
11/15/2007,732000
11/16/2007,767000
11/17/2007,324000
11/18/2007,193000
11/19/2007,691000
11/20/2007,709000
11/21/2007,626000
11/22/2007,103000
11/23/2007,373000
11/24/2007,243000
11/25/2007,160000
11/26/2007,657000
11/27/2007,704000
11/28/2007,725000
11/29/2007,727000
11/30/2007,724000
12/1/2007,306000
12/2/2007,185000
12/3/2007,683000
12/4/2007,718000
12/5/2007,738000
12/6/2007,748000
12/7/2007,715000
12/8/2007,292000
12/9/2007,176000
12/10/2007,691000
12/11/2007,725000
12/12/2007,739000
12/13/2007,725000
12/14/2007,738000
12/15/2007,276000
12/16/2007,178000
12/17/2007,666000
12/18/2007,706000
12/19/2007,709000
12/20/2007,688000
12/21/2007,621000
12/22/2007,231000
12/23/2007,141000
12/24/2007,199000
12/25/2007,69000
12/26/2007,400000
12/27/2007,520000
12/28/2007,521000
12/29/2007,278000
12/30/2007,176000
12/31/2007,452000
1/1/2008,134000
1/2/2008,585000
1/3/2008,619000
1/4/2008,634000
1/5/2008,245000
1/6/2008,163000
1/7/2008,664000
1/8/2008,699000
1/9/2008,702000
1/10/2008,696000
1/11/2008,692000
1/12/2008,323000
1/13/2008,190000
1/14/2008,679000
1/15/2008,724000
1/16/2008,722000
1/17/2008,710000
1/18/2008,698000
1/19/2008,265000
1/20/2008,159000
1/21/2008,256000
1/22/2008,711000
1/23/2008,709000
1/24/2008,718000
1/25/2008,715000
1/26/2008,294000
1/27/2008,183000
1/28/2008,664000
1/29/2008,692000
1/30/2008,698000
1/31/2008,703000
2/1/2008,663000
2/2/2008,287000
2/3/2008,165000
2/4/2008,662000
2/5/2008,703000
2/6/2008,708000
2/7/2008,714000
2/8/2008,724000
2/9/2008,289000
2/10/2008,184000
2/11/2008,666000
2/12/2008,701000
2/13/2008,673000
2/14/2008,726000
2/15/2008,693000
2/16/2008,299000
2/17/2008,197000
2/18/2008,278000
2/19/2008,697000
2/20/2008,721000
2/21/2008,725000
2/22/2008,602000
2/23/2008,277000
2/24/2008,176000
2/25/2008,678000
2/26/2008,714000
2/27/2008,719000
2/28/2008,719000
2/29/2008,680000
3/1/2008,284000
3/2/2008,185000
3/3/2008,694000
3/4/2008,716000
3/5/2008,734000
3/6/2008,726000
3/7/2008,700000
3/8/2008,280000
3/9/2008,199000
3/10/2008,688000
3/11/2008,745000
3/12/2008,750000
3/13/2008,751000
3/14/2008,745000
3/15/2008,368000
3/16/2008,216000
3/17/2008,722000
3/18/2008,748000
3/19/2008,743000
3/20/2008,765000
3/21/2008,693000
3/22/2008,321000
3/23/2008,196000
3/24/2008,684000
3/25/2008,744000
3/26/2008,773000
3/27/2008,751000
3/28/2008,765000
3/29/2008,569000
3/30/2008,323000
3/31/2008,692000
4/1/2008,764000
4/2/2008,783000
4/3/2008,777000
4/4/2008,763000
4/5/2008,453000
4/6/2008,249000
4/7/2008,731000
4/8/2008,748000
4/9/2008,796000
4/10/2008,792000
4/11/2008,819000
4/12/2008,467000
4/13/2008,267000
4/14/2008,725000
4/15/2008,766000
4/16/2008,777000
4/17/2008,819000
4/18/2008,754000
4/19/2008,360000
4/20/2008,193000
4/21/2008,685000
4/22/2008,769000
4/23/2008,797000
4/24/2008,822000
4/25/2008,788000
4/26/2008,369000
4/27/2008,236000
4/28/2008,670000
4/29/2008,749000
4/30/2008,761000
5/1/2008,755000
5/2/2008,784000
5/3/2008,367000
5/4/2008,256000
5/5/2008,708000
5/6/2008,743000
5/7/2008,747000
5/8/2008,734000
5/9/2008,701000
5/10/2008,349000
5/11/2008,186000
5/12/2008,641000
5/13/2008,751000
5/14/2008,757000
5/15/2008,770000
5/16/2008,728000
5/17/2008,360000
5/18/2008,207000
5/19/2008,735000
5/20/2008,748000
5/21/2008,776000
5/22/2008,751000
5/23/2008,730000
5/24/2008,384000
5/25/2008,349000
5/26/2008,300000
5/27/2008,709000
5/28/2008,753000
5/29/2008,768000
5/30/2008,774000
5/31/2008,292000
6/1/2008,254000
6/2/2008,744000
6/3/2008,807000
6/4/2008,771000
6/5/2008,812000
6/6/2008,788000
6/7/2008,388000
6/8/2008,235000
6/9/2008,745000
6/10/2008,771000
6/11/2008,799000
6/12/2008,800000
6/13/2008,705000
6/14/2008,323000
6/15/2008,241000
6/16/2008,734000
6/17/2008,806000
6/18/2008,815000
6/19/2008,814000
6/20/2008,823000
6/21/2008,405000
6/22/2008,287000
6/23/2008,771000
6/24/2008,830000
6/25/2008,840000
6/26/2008,814000
6/27/2008,819000
6/28/2008,428000
6/29/2008,305000
6/30/2008,755000
7/1/2008,818000
7/2/2008,831000
7/3/2008,800000
7/4/2008,588000
7/5/2008,373000
7/6/2008,253000
7/7/2008,737000
7/8/2008,829000
7/9/2008,811000
7/10/2008,839000
7/11/2008,849000
7/12/2008,405000
7/13/2008,262000
7/14/2008,766000
7/15/2008,824000
7/16/2008,825000
7/17/2008,834000
7/18/2008,804000
7/19/2008,356000
7/20/2008,241000
7/21/2008,759000
7/22/2008,796000
7/23/2008,804000
7/24/2008,808000
7/25/2008,786000
7/26/2008,357000
7/27/2008,223000
7/28/2008,762000
7/29/2008,829000
7/30/2008,812000
7/31/2008,810000
8/1/2008,797000
8/2/2008,363000
8/3/2008,274000
8/4/2008,733000
8/5/2008,769000
8/6/2008,773000
8/7/2008,762000
8/8/2008,741000
8/9/2008,351000
8/10/2008,208000
8/11/2008,709000
8/12/2008,771000
8/13/2008,770000
8/14/2008,769000
8/15/2008,744000
8/16/2008,371000
8/17/2008,242000
8/18/2008,680000
8/19/2008,718000
8/20/2008,718000
8/21/2008,725000
8/22/2008,708000
8/23/2008,309000
8/24/2008,204000
8/25/2008,666000
8/26/2008,728000
8/27/2008,723000
8/28/2008,710000
8/29/2008,671000
8/30/2008,326000
8/31/2008,253000
9/1/2008,225000
9/2/2008,698000
9/3/2008,744000
9/4/2008,738000
9/5/2008,739000
9/6/2008,194000
9/7/2008,213000
9/8/2008,724000
9/9/2008,737000
9/10/2008,757000
9/11/2008,765000
9/12/2008,734000
9/13/2008,352000
9/14/2008,224000
9/15/2008,732000
9/16/2008,771000
9/17/2008,777000
9/18/2008,787000
9/19/2008,774000
9/20/2008,348000
9/21/2008,240000
9/22/2008,715000
9/23/2008,773000
9/24/2008,777000
9/25/2008,761000
9/26/2008,727000
9/27/2008,330000
9/28/2008,195000
9/29/2008,706000
9/30/2008,720000
10/1/2008,738000
10/2/2008,772000
10/3/2008,762000
10/4/2008,359000
10/5/2008,264000
10/6/2008,736000
10/7/2008,775000
10/8/2008,770000
10/9/2008,747000
10/10/2008,759000
10/11/2008,387000
10/12/2008,256000
10/13/2008,409000
10/14/2008,743000
10/15/2008,765000
10/16/2008,766000
10/17/2008,771000
10/18/2008,365000
10/19/2008,229000
10/20/2008,715000
10/21/2008,743000
10/22/2008,752000
10/23/2008,757000
10/24/2008,769000
10/25/2008,321000
10/26/2008,314000
10/27/2008,714000
10/28/2008,751000
10/29/2008,750000
10/30/2008,747000
10/31/2008,769000
11/1/2008,304000
11/2/2008,199000
11/3/2008,736000
11/4/2008,685000
11/5/2008,724000
11/6/2008,762000
11/7/2008,774000
11/8/2008,357000
11/9/2008,218000
11/10/2008,689000
11/11/2008,434000
11/12/2008,747000
11/13/2008,731000
11/14/2008,786000
11/15/2008,349000
11/16/2008,231000
11/17/2008,734000
11/18/2008,767000
11/19/2008,761000
11/20/2008,753000
11/21/2008,738000
11/22/2008,307000
11/23/2008,185000
11/24/2008,701000
11/25/2008,715000
11/26/2008,627000
11/27/2008,112000
11/28/2008,390000
11/29/2008,262000
11/30/2008,152000
12/1/2008,681000
12/2/2008,733000
12/3/2008,745000
12/4/2008,766000
12/5/2008,745000
12/6/2008,290000
12/7/2008,174000
12/8/2008,678000
12/9/2008,732000
12/10/2008,741000
12/11/2008,727000
12/12/2008,731000
12/13/2008,292000
12/14/2008,193000
12/15/2008,693000
12/16/2008,716000
12/17/2008,718000
12/18/2008,733000
12/19/2008,677000
12/20/2008,280000
12/21/2008,182000
12/22/2008,579000
12/23/2008,562000
12/24/2008,382000
12/25/2008,70000
12/26/2008,269000
12/27/2008,253000
12/28/2008,187000
12/29/2008,557000
12/30/2008,599000
12/31/2008,522000
1/1/2009,151000
1/2/2009,443000
1/3/2009,280000
1/4/2009,164000
1/5/2009,666000
1/6/2009,713000
1/7/2009,702000
1/8/2009,731000
1/9/2009,735000
1/10/2009,307000
1/11/2009,196000
1/12/2009,723000
1/13/2009,757000
1/14/2009,762000
1/15/2009,756000
1/16/2009,717000
1/17/2009,373000
1/18/2009,594000
1/19/2009,867000
1/20/2009,1120000
1/21/2009,776000
1/22/2009,813000
1/23/2009,763000
1/24/2009,304000
1/25/2009,171000
1/26/2009,692000
1/27/2009,707000
1/28/2009,602000
1/29/2009,739000
1/30/2009,726000
1/31/2009,300000
2/1/2009,198000
2/2/2009,698000
2/3/2009,733000
2/4/2009,744000
2/5/2009,748000
2/6/2009,750000
2/7/2009,372000
2/8/2009,226000
2/9/2009,695000
2/10/2009,732000
2/11/2009,746000
2/12/2009,749000
2/13/2009,737000
2/14/2009,320000
2/15/2009,222000
2/16/2009,287000
2/17/2009,725000
2/18/2009,739000
2/19/2009,729000
2/20/2009,746000
2/21/2009,336000
2/22/2009,188000
2/23/2009,693000
2/24/2009,740000
2/25/2009,745000
2/26/2009,765000
2/27/2009,749000
2/28/2009,323000
3/1/2009,196000
3/2/2009,491000
3/3/2009,731000
3/4/2009,736000
3/5/2009,762000
3/6/2009,750000
3/7/2009,363000
3/8/2009,228000
3/9/2009,721000
3/10/2009,763000
3/11/2009,771000
3/12/2009,768000
3/13/2009,741000
3/14/2009,377000
3/15/2009,222000
3/16/2009,728000
3/17/2009,781000
3/18/2009,786000
3/19/2009,768000
3/20/2009,771000
3/21/2009,395000
3/22/2009,243000
3/23/2009,714000
3/24/2009,762000
3/25/2009,764000
3/26/2009,747000
3/27/2009,767000
3/28/2009,363000
3/29/2009,239000
3/30/2009,721000
3/31/2009,777000
4/1/2009,776000
4/2/2009,799000
4/3/2009,791000
4/4/2009,694000
4/5/2009,458000
4/6/2009,755000
4/7/2009,810000
4/8/2009,814000
4/9/2009,840000
4/10/2009,767000
4/11/2009,374000
4/12/2009,239000
4/13/2009,775000
4/14/2009,765000
4/15/2009,787000
4/16/2009,806000
4/17/2009,828000
4/18/2009,430000
4/19/2009,252000
4/20/2009,690000
4/21/2009,778000
4/22/2009,784000
4/23/2009,795000
4/24/2009,792000
4/25/2009,366000
4/26/2009,229000
4/27/2009,705000
4/28/2009,759000
4/29/2009,726000
4/30/2009,744000
5/1/2009,741000
5/2/2009,343000
5/3/2009,183000
5/4/2009,697000
5/5/2009,745000
5/6/2009,737000
5/7/2009,740000
5/8/2009,739000
5/9/2009,349000
5/10/2009,209000
5/11/2009,689000
5/12/2009,750000
5/13/2009,787000
5/14/2009,764000
5/15/2009,769000
5/16/2009,409000
5/17/2009,253000
5/18/2009,742000
5/19/2009,775000
5/20/2009,777000
5/21/2009,774000
5/22/2009,733000
5/23/2009,393000
5/24/2009,325000
5/25/2009,256000
5/26/2009,676000
5/27/2009,742000
5/28/2009,754000
5/29/2009,734000
5/30/2009,347000
5/31/2009,227000
6/1/2009,738000
6/2/2009,791000
6/3/2009,807000
6/4/2009,790000
6/5/2009,759000
6/6/2009,440000
6/7/2009,274000
6/8/2009,762000
6/9/2009,783000
6/10/2009,832000
6/11/2009,817000
6/12/2009,803000
6/13/2009,397000
6/14/2009,271000
6/15/2009,772000
6/16/2009,814000
6/17/2009,809000
6/18/2009,802000
6/19/2009,818000
6/20/2009,357000
6/21/2009,267000
6/22/2009,733000
6/23/2009,714000
6/24/2009,790000
6/25/2009,803000
6/26/2009,744000
6/27/2009,408000
6/28/2009,250000
6/29/2009,731000
6/30/2009,763000
7/1/2009,771000
7/2/2009,744000
7/3/2009,467000
7/4/2009,613000
7/5/2009,264000
7/6/2009,709000
7/7/2009,764000
7/8/2009,788000
7/9/2009,781000
7/10/2009,775000
7/11/2009,385000
7/12/2009,236000
7/13/2009,751000
7/14/2009,788000
7/15/2009,809000
7/16/2009,828000
7/17/2009,791000
7/18/2009,394000
7/19/2009,267000
7/20/2009,748000
7/21/2009,803000
7/22/2009,803000
7/23/2009,790000
7/24/2009,782000
7/25/2009,366000
7/26/2009,257000
7/27/2009,744000
7/28/2009,772000
7/29/2009,776000
7/30/2009,773000
7/31/2009,744000
8/1/2009,353000
8/2/2009,212000
8/3/2009,731000
8/4/2009,789000
8/5/2009,777000
8/6/2009,763000
8/7/2009,765000
8/8/2009,341000
8/9/2009,242000
8/10/2009,677000
8/11/2009,718000
8/12/2009,726000
8/13/2009,727000
8/14/2009,708000
8/15/2009,324000
8/16/2009,213000
8/17/2009,670000
8/18/2009,717000
8/19/2009,720000
8/20/2009,734000
8/21/2009,689000
8/22/2009,282000
8/23/2009,208000
8/24/2009,661000
8/25/2009,691000
8/26/2009,706000
8/27/2009,706000
8/28/2009,682000
8/29/2009,294000
8/30/2009,197000
8/31/2009,661000
9/1/2009,709000
9/2/2009,723000
9/3/2009,714000
9/4/2009,678000
9/5/2009,288000
9/6/2009,227000
9/7/2009,169000
9/8/2009,685000
9/9/2009,734000
9/10/2009,743000
9/11/2009,719000
9/12/2009,420000
9/13/2009,214000
9/14/2009,698000
9/15/2009,740000
9/16/2009,739000
9/17/2009,736000
9/18/2009,714000
9/19/2009,320000
9/20/2009,217000
9/21/2009,695000
9/22/2009,737000
9/23/2009,755000
9/24/2009,762000
9/25/2009,744000
9/26/2009,350000
9/27/2009,223000
9/28/2009,677000
9/29/2009,772000
9/30/2009,746000
10/1/2009,746000
10/2/2009,751000
10/3/2009,376000
10/4/2009,268000
10/5/2009,723000
10/6/2009,756000
10/7/2009,761000
10/8/2009,771000
10/9/2009,743000
10/10/2009,340000
10/11/2009,275000
10/12/2009,355000
10/13/2009,735000
10/14/2009,757000
10/15/2009,753000
10/16/2009,749000
10/17/2009,324000
10/18/2009,221000
10/19/2009,700000
10/20/2009,736000
10/21/2009,744000
10/22/2009,750000
10/23/2009,763000
10/24/2009,347000
10/25/2009,325000
10/26/2009,718000
10/27/2009,736000
10/28/2009,731000
10/29/2009,747000
10/30/2009,744000
10/31/2009,332000
11/1/2009,185000
11/2/2009,711000
11/3/2009,745000
11/4/2009,755000
11/5/2009,774000
11/6/2009,747000
11/7/2009,351000
11/8/2009,214000
11/9/2009,694000
11/10/2009,733000
11/11/2009,424000
11/12/2009,726000
11/13/2009,749000
11/14/2009,347000
11/15/2009,225000
11/16/2009,705000
11/17/2009,747000
11/18/2009,766000
11/19/2009,749000
11/20/2009,762000
11/21/2009,329000
11/22/2009,199000
11/23/2009,686000
11/24/2009,709000
11/25/2009,619000
11/26/2009,112000
11/27/2009,364000
11/28/2009,267000
11/29/2009,170000
11/30/2009,654000
12/1/2009,726000
12/2/2009,738000
12/3/2009,776000
12/4/2009,745000
12/5/2009,261000
12/6/2009,206000
12/7/2009,692000
12/8/2009,733000
12/9/2009,741000
12/10/2009,746000
12/11/2009,716000
12/12/2009,297000
12/13/2009,148000
12/14/2009,680000
12/15/2009,724000
12/16/2009,723000
12/17/2009,716000
12/18/2009,700000
12/19/2009,101000
12/20/2009,95000
12/21/2009,368000
12/22/2009,643000
12/23/2009,604000
12/24/2009,352000
12/25/2009,64000
12/26/2009,207000
12/27/2009,195000
12/28/2009,525000
12/29/2009,565000
12/30/2009,558000
12/31/2009,461000
1/1/2010,166000
1/2/2010,227000
1/3/2010,132000
1/4/2010,623000
1/5/2010,685000
1/6/2010,686000
1/7/2010,710000
1/8/2010,682000
1/9/2010,264000
1/10/2010,172000
1/11/2010,685000
1/12/2010,729000
1/13/2010,723000
1/14/2010,737000
1/15/2010,725000
1/16/2010,329000
1/17/2010,187000
1/18/2010,271000
1/19/2010,713000
1/20/2010,733000
1/21/2010,755000
1/22/2010,785000
1/23/2010,342000
1/24/2010,167000
1/25/2010,676000
1/26/2010,717000
1/27/2010,745000
1/28/2010,729000
1/29/2010,718000
1/30/2010,279000
1/31/2010,199000
2/1/2010,698000
2/2/2010,724000
2/3/2010,664000
2/4/2010,750000
2/5/2010,513000
2/6/2010,61000
2/7/2010,92000
2/8/2010,124000
2/9/2010,256000
2/10/2010,33000
2/11/2010,114000
2/12/2010,526000
2/13/2010,313000
2/14/2010,256000
2/15/2010,308000
2/16/2010,741000
2/17/2010,780000
2/18/2010,798000
2/19/2010,793000
2/20/2010,348000
2/21/2010,210000
2/22/2010,708000
2/23/2010,754000
2/24/2010,761000
2/25/2010,742000
2/26/2010,714000
2/27/2010,319000
2/28/2010,185000
3/1/2010,700000
3/2/2010,736000
3/3/2010,758000
3/4/2010,767000
3/5/2010,747000
3/6/2010,377000
3/7/2010,222000
3/8/2010,725000
3/9/2010,764000
3/10/2010,773000
3/11/2010,763000
3/12/2010,740000
3/13/2010,332000
3/14/2010,214000
3/15/2010,718000
3/16/2010,780000
3/17/2010,802000
3/18/2010,784000
3/19/2010,780000
3/20/2010,466000
3/21/2010,331000
3/22/2010,707000
3/23/2010,773000
3/24/2010,794000
3/25/2010,780000
3/26/2010,741000
3/27/2010,446000
3/28/2010,252000
3/29/2010,712000
3/30/2010,764000
3/31/2010,806000
4/1/2010,867000
4/2/2010,876000
4/3/2010,641000
4/4/2010,332000
4/5/2010,823000
4/6/2010,831000
4/7/2010,857000
4/8/2010,843000
4/9/2010,833000
4/10/2010,530000
4/11/2010,309000
4/12/2010,742000
4/13/2010,767000
4/14/2010,787000
4/15/2010,813000
4/16/2010,767000
4/17/2010,382000
4/18/2010,244000
4/19/2010,757000
4/20/2010,803000
4/21/2010,776000
4/22/2010,809000
4/23/2010,803000
4/24/2010,323000
4/25/2010,241000
4/26/2010,700000
4/27/2010,750000
4/28/2010,769000
4/29/2010,755000
4/30/2010,745000
5/1/2010,358000
5/2/2010,217000
5/3/2010,685000
5/4/2010,758000
5/5/2010,778000
5/6/2010,767000
5/7/2010,750000
5/8/2010,341000
5/9/2010,205000
5/10/2010,691000
5/11/2010,729000
5/12/2010,750000
5/13/2010,759000
5/14/2010,734000
5/15/2010,370000
5/16/2010,242000
5/17/2010,697000
5/18/2010,739000
5/19/2010,774000
5/20/2010,801000
5/21/2010,772000
5/22/2010,367000
5/23/2010,215000
5/24/2010,712000
5/25/2010,754000
5/26/2010,780000
5/27/2010,754000
5/28/2010,683000
5/29/2010,334000
5/30/2010,300000
5/31/2010,249000
6/1/2010,726000
6/2/2010,776000
6/3/2010,775000
6/4/2010,788000
6/5/2010,393000
6/6/2010,235000
6/7/2010,756000
6/8/2010,847000
6/9/2010,792000
6/10/2010,826000
6/11/2010,784000
6/12/2010,364000
6/13/2010,246000
6/14/2010,759000
6/15/2010,815000
6/16/2010,802000
6/17/2010,823000
6/18/2010,835000
6/19/2010,386000
6/20/2010,258000
6/21/2010,768000
6/22/2010,814000
6/23/2010,894000
6/24/2010,801000
6/25/2010,803000
6/26/2010,427000
6/27/2010,258000
6/28/2010,741000
6/29/2010,789000
6/30/2010,787000
7/1/2010,817000
7/2/2010,781000
7/3/2010,438000
7/4/2010,562000
7/5/2010,283000
7/6/2010,745000
7/7/2010,769000
7/8/2010,789000
7/9/2010,792000
7/10/2010,320000
7/11/2010,250000
7/12/2010,736000
7/13/2010,787000
7/14/2010,800000
7/15/2010,815000
7/16/2010,778000
7/17/2010,358000
7/18/2010,247000
7/19/2010,743000
7/20/2010,789000
7/21/2010,796000
7/22/2010,804000
7/23/2010,806000
7/24/2010,337000
7/25/2010,240000
7/26/2010,739000
7/27/2010,819000
7/28/2010,810000
7/29/2010,773000
7/30/2010,792000
7/31/2010,374000
8/1/2010,246000
8/2/2010,707000
8/3/2010,724000
8/4/2010,737000
8/5/2010,716000
8/6/2010,715000
8/7/2010,319000
8/8/2010,213000
8/9/2010,680000
8/10/2010,732000
8/11/2010,722000
8/12/2010,694000
8/13/2010,711000
8/14/2010,328000
8/15/2010,203000
8/16/2010,666000
8/17/2010,704000
8/18/2010,675000
8/19/2010,721000
8/20/2010,690000
8/21/2010,310000
8/22/2010,192000
8/23/2010,671000
8/24/2010,702000
8/25/2010,726000
8/26/2010,740000
8/27/2010,771000
8/28/2010,472000
8/29/2010,230000
8/30/2010,669000
8/31/2010,700000
9/1/2010,720000
9/2/2010,715000
9/3/2010,674000
9/4/2010,311000
9/5/2010,242000
9/6/2010,240000
9/7/2010,705000
9/8/2010,725000
9/9/2010,713000
9/10/2010,730000
9/11/2010,339000
9/12/2010,215000
9/13/2010,698000
9/14/2010,732000
9/15/2010,740000
9/16/2010,748000
9/17/2010,729000
9/18/2010,323000
9/19/2010,221000
9/20/2010,700000
9/21/2010,742000
9/22/2010,755000
9/23/2010,753000
9/24/2010,753000
9/25/2010,369000
9/26/2010,199000
9/27/2010,685000
9/28/2010,743000
9/29/2010,742000
9/30/2010,692000
10/1/2010,746000
10/2/2010,418000
10/3/2010,212000
10/4/2010,692000
10/5/2010,748000
10/6/2010,747000
10/7/2010,754000
10/8/2010,723000
10/9/2010,315000
10/10/2010,223000
10/11/2010,321000
10/12/2010,726000
10/13/2010,747000
10/14/2010,722000
10/15/2010,738000
10/16/2010,330000
10/17/2010,222000
10/18/2010,684000
10/19/2010,734000
10/20/2010,721000
10/21/2010,740000
10/22/2010,743000
10/23/2010,411000
10/24/2010,272000
10/25/2010,698000
10/26/2010,744000
10/27/2010,735000
10/28/2010,761000
10/29/2010,810000
10/30/2010,788000
10/31/2010,340000
11/1/2010,703000
11/2/2010,728000
11/3/2010,744000
11/4/2010,728000
11/5/2010,759000
11/6/2010,328000
11/7/2010,198000
11/8/2010,699000
11/9/2010,732000
11/10/2010,754000
11/11/2010,446000
11/12/2010,692000
11/13/2010,331000
11/14/2010,202000
11/15/2010,694000
11/16/2010,695000
11/17/2010,728000
11/18/2010,727000
11/19/2010,728000
11/20/2010,352000
11/21/2010,185000
11/22/2010,681000
11/23/2010,694000
11/24/2010,587000
11/25/2010,101000
11/26/2010,344000
11/27/2010,247000
11/28/2010,185000
11/29/2010,642000
11/30/2010,692000
12/1/2010,689000
12/2/2010,720000
12/3/2010,716000
12/4/2010,299000
12/5/2010,174000
12/6/2010,684000
12/7/2010,708000
12/8/2010,701000
12/9/2010,730000
12/10/2010,691000
12/11/2010,294000
12/12/2010,163000
12/13/2010,650000
12/14/2010,693000
12/15/2010,694000
12/16/2010,703000
12/17/2010,677000
12/18/2010,281000
12/19/2010,166000
12/20/2010,624000
12/21/2010,632000
12/22/2010,591000
12/23/2010,488000
12/24/2010,162000
12/25/2010,63000
12/26/2010,122000
12/27/2010,383000
12/28/2010,506000
12/29/2010,554000
12/30/2010,511000
12/31/2010,286000
1/1/2011,174000
1/2/2011,159000
1/3/2011,596000
1/4/2011,674000
1/5/2011,672000
1/6/2011,674000
1/7/2011,664000
1/8/2011,256000
1/9/2011,149000
1/10/2011,650000
1/11/2011,688000
1/12/2011,680000
1/13/2011,702000
1/14/2011,680000
1/15/2011,251000
1/16/2011,180000
1/17/2011,208000
1/18/2011,603000
1/19/2011,718000
1/20/2011,727000
1/21/2011,702000
1/22/2011,266000
1/23/2011,182000
1/24/2011,724000
1/25/2011,719000
1/26/2011,681000
1/27/2011,472000
1/28/2011,695000
1/29/2011,295000
1/30/2011,175000
1/31/2011,688000
2/1/2011,679000
2/2/2011,701000
2/3/2011,735000
2/4/2011,738000
2/5/2011,295000
2/6/2011,201000
2/7/2011,671000
2/8/2011,727000
2/9/2011,723000
2/10/2011,723000
2/11/2011,725000
2/12/2011,333000
2/13/2011,197000
2/14/2011,692000
2/15/2011,716000
2/16/2011,725000
2/17/2011,729000
2/18/2011,709000
2/19/2011,295000
2/20/2011,198000
2/21/2011,244000
2/22/2011,647000
2/23/2011,729000
2/24/2011,739000
2/25/2011,703000
2/26/2011,310000
2/27/2011,185000
2/28/2011,660000
3/1/2011,734000
3/2/2011,734000
3/3/2011,739000
3/4/2011,714000
3/5/2011,312000
3/6/2011,161000
3/7/2011,693000
3/8/2011,751000
3/9/2011,757000
3/10/2011,714000
3/11/2011,745000
3/12/2011,359000
3/13/2011,237000
3/14/2011,727000
3/15/2011,762000
3/16/2011,769000
3/17/2011,807000
3/18/2011,741000
3/19/2011,350000
3/20/2011,211000
3/21/2011,679000
3/22/2011,745000
3/23/2011,736000
3/24/2011,749000
3/25/2011,759000
3/26/2011,438000
3/27/2011,233000
3/28/2011,696000
3/29/2011,772000
3/30/2011,759000
3/31/2011,793000
4/1/2011,786000
4/2/2011,472000
4/3/2011,395000
4/4/2011,762000
4/5/2011,765000
4/6/2011,807000
4/7/2011,803000
4/8/2011,756000
4/9/2011,451000
4/10/2011,265000
4/11/2011,738000
4/12/2011,752000
4/13/2011,782000
4/14/2011,793000
4/15/2011,767000
4/16/2011,284000
4/17/2011,297000
4/18/2011,736000
4/19/2011,764000
4/20/2011,796000
4/21/2011,808000
4/22/2011,689000
4/23/2011,337000
4/24/2011,190000
4/25/2011,692000
4/26/2011,746000
4/27/2011,751000
4/28/2011,748000
4/29/2011,759000
4/30/2011,352000
5/1/2011,232000
5/2/2011,705000
5/3/2011,743000
5/4/2011,742000
5/5/2011,767000
5/6/2011,724000
5/7/2011,334000
5/8/2011,196000
5/9/2011,690000
5/10/2011,740000
5/11/2011,750000
5/12/2011,762000
5/13/2011,746000
5/14/2011,333000
5/15/2011,229000
5/16/2011,716000
5/17/2011,744000
5/18/2011,750000
5/19/2011,756000
5/20/2011,730000
5/21/2011,358000
5/22/2011,222000
5/23/2011,711000
5/24/2011,752000
5/25/2011,763000
5/26/2011,756000
5/27/2011,713000
5/28/2011,321000
5/29/2011,290000
5/30/2011,253000
5/31/2011,715000
6/1/2011,760000
6/2/2011,764000
6/3/2011,779000
6/4/2011,369000
6/5/2011,219000
6/6/2011,739000
6/7/2011,784000
6/8/2011,782000
6/9/2011,791000
6/10/2011,764000
6/11/2011,347000
6/12/2011,244000
6/13/2011,752000
6/14/2011,824000
6/15/2011,842000
6/16/2011,816000
6/17/2011,819000
6/18/2011,366000
6/19/2011,281000
6/20/2011,734000
6/21/2011,811000
6/22/2011,820000
6/23/2011,811000
6/24/2011,780000
6/25/2011,402000
6/26/2011,243000
6/27/2011,734000
6/28/2011,784000
6/29/2011,795000
6/30/2011,791000
7/1/2011,762000
7/2/2011,413000
7/3/2011,324000
7/4/2011,501000
7/5/2011,741000
7/6/2011,786000
7/7/2011,808000
7/8/2011,765000
7/9/2011,398000
7/10/2011,264000
7/11/2011,759000
7/12/2011,797000
7/13/2011,804000
7/14/2011,823000
7/15/2011,791000
7/16/2011,343000
7/17/2011,225000
7/18/2011,740000
7/19/2011,788000
7/20/2011,802000
7/21/2011,772000
7/22/2011,715000
7/23/2011,302000
7/24/2011,213000
7/25/2011,716000
7/26/2011,801000
7/27/2011,812000
7/28/2011,807000
7/29/2011,788000
7/30/2011,396000
7/31/2011,251000
8/1/2011,728000
8/2/2011,787000
8/3/2011,775000
8/4/2011,775000
8/5/2011,740000
8/6/2011,310000
8/7/2011,211000
8/8/2011,686000
8/9/2011,726000
8/10/2011,738000
8/11/2011,738000
8/12/2011,724000
8/13/2011,284000
8/14/2011,187000
8/15/2011,653000
8/16/2011,729000
8/17/2011,733000
8/18/2011,726000
8/19/2011,721000
8/20/2011,338000
8/21/2011,202000
8/22/2011,674000
8/23/2011,628000
8/24/2011,672000
8/25/2011,700000
8/26/2011,687000
8/27/2011,126000
8/28/2011,149000
8/29/2011,646000
8/30/2011,702000
8/31/2011,710000
9/1/2011,725000
9/2/2011,686000
9/3/2011,317000
9/4/2011,251000
9/5/2011,201000
9/6/2011,677000
9/7/2011,704000
9/8/2011,726000
9/9/2011,718000
9/10/2011,322000
9/11/2011,202000
9/12/2011,698000
9/13/2011,744000
9/14/2011,754000
9/15/2011,753000
9/16/2011,748000
9/17/2011,327000
9/18/2011,217000
9/19/2011,701000
9/20/2011,740000
9/21/2011,771000
9/22/2011,769000
9/23/2011,747000
9/24/2011,412000
9/25/2011,234000
9/26/2011,711000
9/27/2011,732000
9/28/2011,733000
9/29/2011,735000
9/30/2011,766000
10/1/2011,302000
10/2/2011,211000
10/3/2011,706000
10/4/2011,754000
10/5/2011,762000
10/6/2011,767000
10/7/2011,743000
10/8/2011,366000
10/9/2011,274000
10/10/2011,307000
10/11/2011,746000
10/12/2011,758000
10/13/2011,755000
10/14/2011,738000
10/15/2011,375000
10/16/2011,273000
10/17/2011,709000
10/18/2011,775000
10/19/2011,753000
10/20/2011,771000
10/21/2011,764000
10/22/2011,360000
10/23/2011,208000
10/24/2011,708000
10/25/2011,763000
10/26/2011,758000
10/27/2011,765000
10/28/2011,765000
10/29/2011,280000
10/30/2011,286000
10/31/2011,703000
11/1/2011,768000
11/2/2011,764000
11/3/2011,775000
11/4/2011,745000
11/5/2011,328000
11/6/2011,221000
11/7/2011,709000
11/8/2011,761000
11/9/2011,755000
11/10/2011,748000
11/11/2011,400000
11/12/2011,368000
11/13/2011,216000
11/14/2011,718000
11/15/2011,762000
11/16/2011,765000
11/17/2011,763000
11/18/2011,745000
11/19/2011,298000
11/20/2011,187000
11/21/2011,710000
11/22/2011,701000
11/23/2011,609000
11/24/2011,114000
11/25/2011,372000
11/26/2011,257000
11/27/2011,169000
11/28/2011,661000
11/29/2011,716000
11/30/2011,737000
12/1/2011,788000
12/2/2011,744000
12/3/2011,315000
12/4/2011,197000
12/5/2011,699000
12/6/2011,729000
12/7/2011,736000
12/8/2011,754000
12/9/2011,755000
12/10/2011,336000
12/11/2011,198000
12/12/2011,685000
12/13/2011,748000
12/14/2011,738000
12/15/2011,736000
12/16/2011,723000
12/17/2011,287000
12/18/2011,172000
12/19/2011,669000
12/20/2011,696000
12/21/2011,656000
12/22/2011,614000
12/23/2011,474000
12/24/2011,161000
12/25/2011,67000
12/26/2011,197000
12/27/2011,435000
12/28/2011,549000
12/29/2011,547000
12/30/2011,526000
12/31/2011,280000
1/1/2012,147000
1/2/2012,185000
1/3/2012,638000
1/4/2012,661000
1/5/2012,683000
1/6/2012,688000
1/7/2012,251000
1/8/2012,157000
1/9/2012,663000
1/10/2012,710000
1/11/2012,718000
1/12/2012,719000
1/13/2012,700000
1/14/2012,273000
1/15/2012,191000
1/16/2012,229000
1/17/2012,699000
1/18/2012,724000
1/19/2012,717000
1/20/2012,703000
1/21/2012,235000
1/22/2012,181000
1/23/2012,693000
1/24/2012,739000
1/25/2012,734000
1/26/2012,711000
1/27/2012,695000
1/28/2012,281000
1/29/2012,183000
1/30/2012,682000
1/31/2012,712000
2/1/2012,730000
2/2/2012,722000
2/3/2012,707000
2/4/2012,270000
2/5/2012,163000
2/6/2012,665000
2/7/2012,728000
2/8/2012,736000
2/9/2012,744000
2/10/2012,726000
2/11/2012,257000
2/12/2012,157000
2/13/2012,692000
2/14/2012,721000
2/15/2012,723000
2/16/2012,720000
2/17/2012,694000
2/18/2012,314000
2/19/2012,197000
2/20/2012,270000
2/21/2012,700000
2/22/2012,730000
2/23/2012,741000
2/24/2012,719000
2/25/2012,289000
2/26/2012,174000
2/27/2012,677000
2/28/2012,731000
2/29/2012,712000
3/1/2012,737000
3/2/2012,721000
3/3/2012,304000
3/4/2012,202000
3/5/2012,692000
3/6/2012,742000
3/7/2012,747000
3/8/2012,758000
3/9/2012,725000
3/10/2012,289000
3/11/2012,207000
3/12/2012,697000
3/13/2012,752000
3/14/2012,770000
3/15/2012,778000
3/16/2012,744000
3/17/2012,474000
3/18/2012,241000
3/19/2012,715000
3/20/2012,759000
3/21/2012,768000
3/22/2012,800000
3/23/2012,835000
3/24/2012,415000
3/25/2012,260000
3/26/2012,729000
3/27/2012,774000
3/28/2012,764000
3/29/2012,770000
3/30/2012,775000
3/31/2012,424000
4/1/2012,313000
4/2/2012,749000
4/3/2012,805000
4/4/2012,788000
4/5/2012,793000
4/6/2012,719000
4/7/2012,397000
4/8/2012,215000
4/9/2012,710000
4/10/2012,771000
4/11/2012,774000
4/12/2012,823000
4/13/2012,797000
4/14/2012,484000
4/15/2012,263000
4/16/2012,713000
4/17/2012,782000
4/18/2012,768000
4/19/2012,797000
4/20/2012,774000
4/21/2012,342000
4/22/2012,194000
4/23/2012,695000
4/24/2012,739000
4/25/2012,751000
4/26/2012,751000
4/27/2012,727000
4/28/2012,332000
4/29/2012,247000
4/30/2012,679000
5/1/2012,739000
5/2/2012,753000
5/3/2012,750000
5/4/2012,734000
5/5/2012,349000
5/6/2012,214000
5/7/2012,686000
5/8/2012,723000
5/9/2012,746000
5/10/2012,757000
5/11/2012,718000
5/12/2012,351000
5/13/2012,197000
5/14/2012,673000
5/15/2012,740000
5/16/2012,776000
5/17/2012,789000
5/18/2012,778000
5/19/2012,383000
5/20/2012,261000
5/21/2012,678000
5/22/2012,737000
5/23/2012,746000
5/24/2012,742000
5/25/2012,692000
5/26/2012,326000
5/27/2012,280000
5/28/2012,245000
5/29/2012,696000
5/30/2012,751000
5/31/2012,762000
6/1/2012,706000
6/2/2012,397000
6/3/2012,253000
6/4/2012,730000
6/5/2012,791000
6/6/2012,800000
6/7/2012,809000
6/8/2012,799000
6/9/2012,462000
6/10/2012,261000
6/11/2012,750000
6/12/2012,774000
6/13/2012,804000
6/14/2012,797000
6/15/2012,801000
6/16/2012,372000
6/17/2012,253000
6/18/2012,724000
6/19/2012,810000
6/20/2012,796000
6/21/2012,800000
6/22/2012,736000
6/23/2012,345000
6/24/2012,232000
6/25/2012,724000
6/26/2012,788000
6/27/2012,797000
6/28/2012,796000
6/29/2012,734000
6/30/2012,295000
7/1/2012,220000
7/2/2012,680000
7/3/2012,781000
7/4/2012,487000
7/5/2012,704000
7/6/2012,693000
7/7/2012,283000
7/8/2012,213000
7/9/2012,716000
7/10/2012,763000
7/11/2012,774000
7/12/2012,783000
7/13/2012,759000
7/14/2012,298000
7/15/2012,206000
7/16/2012,736000
7/17/2012,777000
7/18/2012,774000
7/19/2012,789000
7/20/2012,751000
7/21/2012,341000
7/22/2012,257000
7/23/2012,720000
7/24/2012,764000
7/25/2012,791000
7/26/2012,771000
7/27/2012,736000
7/28/2012,315000
7/29/2012,209000
7/30/2012,689000
7/31/2012,747000
8/1/2012,760000
8/2/2012,768000
8/3/2012,731000
8/4/2012,320000
8/5/2012,212000
8/6/2012,665000
8/7/2012,712000
8/8/2012,713000
8/9/2012,710000
8/10/2012,659000
8/11/2012,278000
8/12/2012,196000
8/13/2012,648000
8/14/2012,683000
8/15/2012,700000
8/16/2012,694000
8/17/2012,692000
8/18/2012,320000
8/19/2012,196000
8/20/2012,646000
8/21/2012,702000
8/22/2012,709000
8/23/2012,694000
8/24/2012,660000
8/25/2012,271000
8/26/2012,176000
8/27/2012,644000
8/28/2012,680000
8/29/2012,691000
8/30/2012,696000
8/31/2012,668000
9/1/2012,310000
9/2/2012,228000
9/3/2012,205000
9/4/2012,668000
9/5/2012,705000
9/6/2012,709000
9/7/2012,713000
9/8/2012,233000
9/9/2012,183000
9/10/2012,686000
9/11/2012,724000
9/12/2012,737000
9/13/2012,734000
9/14/2012,738000
9/15/2012,312000
9/16/2012,190000
9/17/2012,658000
9/18/2012,679000
9/19/2012,748000
9/20/2012,756000
9/21/2012,738000
9/22/2012,364000
9/23/2012,250000
9/24/2012,700000
9/25/2012,712000
9/26/2012,698000
9/27/2012,728000
9/28/2012,704000
9/29/2012,329000
9/30/2012,196000
10/1/2012,709000
10/2/2012,723000
10/3/2012,752000
10/4/2012,735000
10/5/2012,710000
10/6/2012,320000
10/7/2012,200000
10/8/2012,346000
10/9/2012,700000
10/10/2012,756000
10/11/2012,780000
10/12/2012,754000
10/13/2012,317000
10/14/2012,216000
10/15/2012,684000
10/16/2012,723000
10/17/2012,731000
10/18/2012,739000
10/19/2012,726000
10/20/2012,346000
10/21/2012,222000
10/22/2012,689000
10/23/2012,736000
10/24/2012,733000
10/25/2012,741000
10/26/2012,730000
10/27/2012,347000
10/28/2012,227000
10/29/2012,0
10/30/2012,53000
10/31/2012,664000
11/1/2012,713000
11/2/2012,711000
11/3/2012,288000
11/4/2012,181000
11/5/2012,692000
11/6/2012,688000
11/7/2012,702000
11/8/2012,723000
11/9/2012,720000
11/10/2012,306000
11/11/2012,209000
11/12/2012,361000
11/13/2012,707000
11/14/2012,724000
11/15/2012,730000
11/16/2012,716000
11/17/2012,304000
11/18/2012,197000
11/19/2012,674000
11/20/2012,685000
11/21/2012,575000
11/22/2012,110000
11/23/2012,335000
11/24/2012,222000
11/25/2012,153000
11/26/2012,643000
11/27/2012,685000
11/28/2012,709000
11/29/2012,713000
11/30/2012,709000
12/1/2012,274000
12/2/2012,175000
12/3/2012,695000
12/4/2012,724000
12/5/2012,724000
12/6/2012,753000
12/7/2012,694000
12/8/2012,269000
12/9/2012,159000
12/10/2012,658000
12/11/2012,706000
12/12/2012,723000
12/13/2012,721000
12/14/2012,702000
12/15/2012,281000
12/16/2012,151000
12/17/2012,649000
12/18/2012,701000
12/19/2012,689000
12/20/2012,659000
12/21/2012,580000
12/22/2012,210000
12/23/2012,154000
12/24/2012,175000
12/25/2012,68000
12/26/2012,332000
12/27/2012,461000
12/28/2012,500000
12/29/2012,219000
12/30/2012,187000
12/31/2012,416000
1/1/2013,138000
1/2/2013,574000
1/3/2013,626000
1/4/2013,631000
1/5/2013,242000
1/6/2013,165000
1/7/2013,640000
1/8/2013,685000
1/9/2013,682000
1/10/2013,693000
1/11/2013,677000
1/12/2013,284000
1/13/2013,175000
1/14/2013,677000
1/15/2013,705000
1/16/2013,709000
1/17/2013,708000
1/18/2013,715000
1/19/2013,385000
1/20/2013,405000
1/21/2013,783000
1/22/2013,715000
1/23/2013,691000
1/24/2013,698000
1/25/2013,727000
1/26/2013,294000
1/27/2013,176000
1/28/2013,606000
1/29/2013,705000
1/30/2013,705000
1/31/2013,709000
2/1/2013,709000
2/2/2013,261000
2/3/2013,168000
2/4/2013,668000
2/5/2013,725000
2/6/2013,730000
2/7/2013,726000
2/8/2013,703000
2/9/2013,308000
2/10/2013,206000
2/11/2013,670000
2/12/2013,721000
2/13/2013,722000
2/14/2013,738000
2/15/2013,693000
2/16/2013,304000
2/17/2013,229000
2/18/2013,280000
2/19/2013,692000
2/20/2013,722000
2/21/2013,738000
2/22/2013,704000
2/23/2013,278000
2/24/2013,177000
2/25/2013,668000
2/26/2013,714000
2/27/2013,727000
2/28/2013,721000
3/1/2013,717000
3/2/2013,272000
3/3/2013,174000
3/4/2013,677000
3/5/2013,740000
3/6/2013,206000
3/7/2013,732000
3/8/2013,719000
3/9/2013,331000
3/10/2013,219000
3/11/2013,691000
3/12/2013,732000
3/13/2013,754000
3/14/2013,765000
3/15/2013,753000
3/16/2013,417000
3/17/2013,227000
3/18/2013,681000
3/19/2013,749000
3/20/2013,757000
3/21/2013,753000
3/22/2013,736000
3/23/2013,381000
3/24/2013,240000
3/25/2013,648000
3/26/2013,774000
3/27/2013,777000
3/28/2013,794000
3/29/2013,778000
3/30/2013,452000
3/31/2013,214000
4/1/2013,786000
4/2/2013,785000
4/3/2013,825000
4/4/2013,832000
4/5/2013,790000
4/6/2013,504000
4/7/2013,375000
4/8/2013,728000
4/9/2013,815000
4/10/2013,872000
4/11/2013,818000
4/12/2013,764000
4/13/2013,563000
4/14/2013,316000
4/15/2013,701000
4/16/2013,740000
4/17/2013,764000
4/18/2013,756000
4/19/2013,704000
4/20/2013,310000
4/21/2013,194000
4/22/2013,707000
4/23/2013,761000
4/24/2013,768000
4/25/2013,787000
4/26/2013,750000
4/27/2013,362000
4/28/2013,244000
4/29/2013,675000
4/30/2013,713000
5/1/2013,725000
5/2/2013,747000
5/3/2013,709000
5/4/2013,331000
5/5/2013,207000
5/6/2013,677000
5/7/2013,714000
5/8/2013,753000
5/9/2013,755000
5/10/2013,757000
5/11/2013,323000
5/12/2013,220000
5/13/2013,694000
5/14/2013,729000
5/15/2013,743000
5/16/2013,750000
5/17/2013,725000
5/18/2013,281000
5/19/2013,201000
5/20/2013,690000
5/21/2013,740000
5/22/2013,748000
5/23/2013,732000
5/24/2013,674000
5/25/2013,359000
5/26/2013,317000
5/27/2013,283000
5/28/2013,713000
5/29/2013,735000
5/30/2013,740000
5/31/2013,718000
6/1/2013,253000
6/2/2013,195000
6/3/2013,694000
6/4/2013,779000
6/5/2013,784000
6/6/2013,768000
6/7/2013,686000
6/8/2013,361000
6/9/2013,255000
6/10/2013,701000
6/11/2013,775000
6/12/2013,782000
6/13/2013,702000
6/14/2013,749000
6/15/2013,301000
6/16/2013,195000
6/17/2013,710000
6/18/2013,748000
6/19/2013,774000
6/20/2013,793000
6/21/2013,765000
6/22/2013,365000
6/23/2013,236000
6/24/2013,716000
6/25/2013,779000
6/26/2013,787000
6/27/2013,777000
6/28/2013,715000
6/29/2013,331000
6/30/2013,206000
7/1/2013,717000
7/2/2013,759000
7/3/2013,756000
7/4/2013,527000
7/5/2013,580000
7/6/2013,334000
7/7/2013,223000
7/8/2013,693000
7/9/2013,753000
7/10/2013,756000
7/11/2013,774000
7/12/2013,779000
7/13/2013,336000
7/14/2013,233000
7/15/2013,727000
7/16/2013,765000
7/17/2013,773000
7/18/2013,754000
7/19/2013,737000
7/20/2013,332000
7/21/2013,231000
7/22/2013,739000
7/23/2013,783000
7/24/2013,790000
7/25/2013,783000
7/26/2013,768000
7/27/2013,340000
7/28/2013,226000
7/29/2013,698000
7/30/2013,736000
7/31/2013,732000
8/1/2013,726000
8/2/2013,714000
8/3/2013,293000
8/4/2013,215000
8/5/2013,703000
8/6/2013,726000
8/7/2013,732000
8/8/2013,707000
8/9/2013,693000
8/10/2013,326000
8/11/2013,219000
8/12/2013,648000
8/13/2013,698000
8/14/2013,726000
8/15/2013,716000
8/16/2013,665000
8/17/2013,292000
8/18/2013,176000
8/19/2013,641000
8/20/2013,686000
8/21/2013,693000
8/22/2013,693000
8/23/2013,657000
8/24/2013,428000
8/25/2013,202000
8/26/2013,654000
8/27/2013,708000
8/28/2013,699000
8/29/2013,701000
8/30/2013,648000
8/31/2013,297000
9/1/2013,231000
9/2/2013,182000
9/3/2013,665000
9/4/2013,698000
9/5/2013,691000
9/6/2013,686000
9/7/2013,262000
9/8/2013,173000
9/9/2013,690000
9/10/2013,724000
9/11/2013,730000
9/12/2013,721000
9/13/2013,722000
9/14/2013,311000
9/15/2013,192000
9/16/2013,663000
9/17/2013,742000
9/18/2013,755000
9/19/2013,746000
9/20/2013,740000
9/21/2013,318000
9/22/2013,260000
9/23/2013,677000
9/24/2013,718000
9/25/2013,724000
9/26/2013,725000
9/27/2013,710000
9/28/2013,321000
9/29/2013,198000
9/30/2013,679000
10/1/2013,665000
10/2/2013,607000
10/3/2013,622000
10/4/2013,610000
10/5/2013,235000
10/6/2013,148000
10/7/2013,555000
10/8/2013,621000
10/9/2013,609000
10/10/2013,602000
10/11/2013,570000
10/12/2013,275000
10/13/2013,183000
10/14/2013,346000
10/15/2013,594000
10/16/2013,612000
10/17/2013,692000
10/18/2013,709000
10/19/2013,316000
10/20/2013,235000
10/21/2013,676000
10/22/2013,722000
10/23/2013,727000
10/24/2013,739000
10/25/2013,736000
10/26/2013,366000
10/27/2013,307000
10/28/2013,671000
10/29/2013,715000
10/30/2013,714000
10/31/2013,716000
11/1/2013,696000
11/2/2013,295000
11/3/2013,192000
11/4/2013,681000
11/5/2013,721000
11/6/2013,720000
11/7/2013,729000
11/8/2013,705000
11/9/2013,296000
11/10/2013,195000
11/11/2013,367000
11/12/2013,693000
11/13/2013,708000
11/14/2013,721000
11/15/2013,697000
11/16/2013,271000
11/17/2013,172000
11/18/2013,671000
11/19/2013,715000
11/20/2013,729000
11/21/2013,721000
11/22/2013,709000
11/23/2013,283000
11/24/2013,166000
11/25/2013,657000
11/26/2013,637000
11/27/2013,528000
11/28/2013,104000
11/29/2013,326000
11/30/2013,223000
12/1/2013,168000
12/2/2013,640000
12/3/2013,706000
12/4/2013,716000
12/5/2013,711000
12/6/2013,692000
12/7/2013,286000
12/8/2013,164000
12/9/2013,577000
12/10/2013,316000
12/11/2013,710000
12/12/2013,709000
12/13/2013,689000
12/14/2013,257000
12/15/2013,183000
12/16/2013,659000
12/17/2013,694000
12/18/2013,693000
12/19/2013,681000
12/20/2013,634000
12/21/2013,273000
12/22/2013,158000
12/23/2013,479000
12/24/2013,341000
12/25/2013,67000
12/26/2013,351000
12/27/2013,427000
12/28/2013,261000
12/29/2013,142000
12/30/2013,496000
12/31/2013,482000
1/1/2014,147000
1/2/2014,551000
1/3/2014,461000
1/4/2014,219000
1/5/2014,142000
1/6/2014,614000
1/7/2014,550000
1/8/2014,645000
1/9/2014,668000
1/10/2014,651000
1/11/2014,247000
1/12/2014,197000
1/13/2014,672000
1/14/2014,714000
1/15/2014,724000
1/16/2014,715000
1/17/2014,683000
1/18/2014,244000
1/19/2014,160000
1/20/2014,268000
1/21/2014,290000
1/22/2014,560000
1/23/2014,680000
1/24/2014,664000
1/25/2014,251000
1/26/2014,158000
1/27/2014,661000
1/28/2014,663000
1/29/2014,669000
1/30/2014,682000
1/31/2014,672000
2/1/2014,284000
2/2/2014,181000
2/3/2014,619000
2/4/2014,703000
2/5/2014,642000
2/6/2014,709000
2/7/2014,682000
2/8/2014,262000
2/9/2014,154000
2/10/2014,659000
2/11/2014,701000
2/12/2014,702000
2/13/2014,106000
2/14/2014,540000
2/15/2014,250000
2/16/2014,192000
2/17/2014,262000
2/18/2014,698000
2/19/2014,715000
2/20/2014,728000
2/21/2014,695000
2/22/2014,317000
2/23/2014,180000
2/24/2014,673000
2/25/2014,696000
2/26/2014,675000
2/27/2014,711000
2/28/2014,673000
3/1/2014,278000
3/2/2014,183000
3/3/2014,132000
3/4/2014,632000
3/5/2014,728000
3/6/2014,726000
3/7/2014,698000
3/8/2014,323000
3/9/2014,192000
3/10/2014,699000
3/11/2014,734000
3/12/2014,728000
3/13/2014,726000
3/14/2014,726000
3/15/2014,417000
3/16/2014,212000
3/17/2014,241000
3/18/2014,723000
3/19/2014,731000
3/20/2014,751000
3/21/2014,722000
3/22/2014,385000
3/23/2014,217000
3/24/2014,699000
3/25/2014,716000
3/26/2014,745000
3/27/2014,750000
3/28/2014,730000
3/29/2014,329000
3/30/2014,184000
3/31/2014,706000
4/1/2014,758000
4/2/2014,753000
4/3/2014,753000
4/4/2014,783000
4/5/2014,464000
4/6/2014,308000
4/7/2014,690000
4/8/2014,766000
4/9/2014,786000
4/10/2014,818000
4/11/2014,793000
4/12/2014,638000
4/13/2014,406000
4/14/2014,747000
4/15/2014,678000
4/16/2014,733000
4/17/2014,780000
4/18/2014,736000
4/19/2014,402000
4/20/2014,224000
4/21/2014,692000
4/22/2014,736000
4/23/2014,757000
4/24/2014,776000
4/25/2014,752000
4/26/2014,395000
4/27/2014,312000
4/28/2014,678000
4/29/2014,698000
4/30/2014,682000
5/1/2014,733000
5/2/2014,706000
5/3/2014,341000
5/4/2014,217000
5/5/2014,699000
5/6/2014,740000
5/7/2014,750000
5/8/2014,737000
5/9/2014,715000
5/10/2014,318000
5/11/2014,213000
5/12/2014,682000
5/13/2014,731000
5/14/2014,729000
5/15/2014,749000
5/16/2014,705000
5/17/2014,362000
5/18/2014,254000
5/19/2014,702000
5/20/2014,751000
5/21/2014,749000
5/22/2014,731000
5/23/2014,674000
5/24/2014,329000
5/25/2014,284000
5/26/2014,268000
5/27/2014,685000
5/28/2014,732000
5/29/2014,726000
5/30/2014,734000
5/31/2014,328000
6/1/2014,239000
6/2/2014,700000
6/3/2014,754000
6/4/2014,773000
6/5/2014,769000
6/6/2014,737000
6/7/2014,353000
6/8/2014,242000
6/9/2014,710000
6/10/2014,752000
6/11/2014,759000
6/12/2014,754000
6/13/2014,722000
6/14/2014,322000
6/15/2014,222000
6/16/2014,734000
6/17/2014,793000
6/18/2014,787000
6/19/2014,781000
6/20/2014,767000
6/21/2014,343000
6/22/2014,264000
6/23/2014,714000
6/24/2014,773000
6/25/2014,776000
6/26/2014,769000
6/27/2014,738000
6/28/2014,295000
6/29/2014,200000
6/30/2014,720000
7/1/2014,771000
7/2/2014,748000
7/3/2014,686000
7/4/2014,596000
7/5/2014,368000
7/6/2014,251000
7/7/2014,699000
7/8/2014,762000
7/9/2014,741000
7/10/2014,752000
7/11/2014,737000
7/12/2014,319000
7/13/2014,224000
7/14/2014,699000
7/15/2014,745000
7/16/2014,775000
7/17/2014,773000
7/18/2014,764000
7/19/2014,359000
7/20/2014,254000
7/21/2014,709000
7/22/2014,761000
7/23/2014,762000
7/24/2014,757000
7/25/2014,764000
7/26/2014,387000
7/27/2014,238000
7/28/2014,707000
7/29/2014,775000
7/30/2014,770000
7/31/2014,784000
8/1/2014,741000
8/2/2014,359000
8/3/2014,247000
8/4/2014,733000
8/5/2014,771000
8/6/2014,760000
8/7/2014,785000
8/8/2014,714000
8/9/2014,321000
8/10/2014,228000
8/11/2014,699000
8/12/2014,666000
8/13/2014,727000
8/14/2014,720000
8/15/2014,714000
8/16/2014,343000
8/17/2014,239000
8/18/2014,670000
8/19/2014,711000
8/20/2014,710000
8/21/2014,717000
8/22/2014,685000
8/23/2014,298000
8/24/2014,237000
8/25/2014,655000
8/26/2014,696000
8/27/2014,704000
8/28/2014,696000
8/29/2014,653000
8/30/2014,314000
8/31/2014,220000
9/1/2014,191000
9/2/2014,662000
9/3/2014,711000
9/4/2014,719000
9/5/2014,714000
9/6/2014,301000
9/7/2014,219000
9/8/2014,698000
9/9/2014,744000
9/10/2014,758000
9/11/2014,725000
9/12/2014,722000
9/13/2014,309000
9/14/2014,237000
9/15/2014,692000
9/16/2014,736000
9/17/2014,746000
9/18/2014,739000
9/19/2014,718000
9/20/2014,339000
9/21/2014,216000
9/22/2014,713000
9/23/2014,745000
9/24/2014,734000
9/25/2014,740000
9/26/2014,748000
9/27/2014,360000
9/28/2014,228000
9/29/2014,681000
9/30/2014,722000
10/1/2014,733000
10/2/2014,748000
10/3/2014,745000
10/4/2014,348000
10/5/2014,222000
10/6/2014,712000
10/7/2014,733000
10/8/2014,747000
10/9/2014,753000
10/10/2014,701000
10/11/2014,324000
10/12/2014,295000
10/13/2014,377000
10/14/2014,737000
10/15/2014,717000
10/16/2014,753000
10/17/2014,743000
10/18/2014,346000
10/19/2014,214000
10/20/2014,692000
10/21/2014,725000
10/22/2014,713000
10/23/2014,750000
10/24/2014,743000
10/25/2014,357000
10/26/2014,310000
10/27/2014,685000
10/28/2014,727000
10/29/2014,730000
10/30/2014,732000
10/31/2014,729000
11/1/2014,291000
11/2/2014,197000
11/3/2014,681000
11/4/2014,723000
11/5/2014,741000
11/6/2014,746000
11/7/2014,730000
11/8/2014,346000
11/9/2014,216000
11/10/2014,643000
11/11/2014,525000
11/12/2014,734000
11/13/2014,734000
11/14/2014,741000
11/15/2014,331000
11/16/2014,220000
11/17/2014,687000
11/18/2014,733000
11/19/2014,745000
11/20/2014,728000
11/21/2014,704000
11/22/2014,291000
11/23/2014,178000
11/24/2014,671000
11/25/2014,690000
11/26/2014,502000
11/27/2014,114000
11/28/2014,336000
11/29/2014,239000
11/30/2014,167000
12/1/2014,666000
12/2/2014,708000
12/3/2014,740000
12/4/2014,752000
12/5/2014,711000
12/6/2014,268000
12/7/2014,213000
12/8/2014,675000
12/9/2014,698000
12/10/2014,729000
12/11/2014,726000
12/12/2014,703000
12/13/2014,367000
12/14/2014,192000
12/15/2014,677000
12/16/2014,658000
12/17/2014,717000
12/18/2014,698000
12/19/2014,642000
12/20/2014,272000
12/21/2014,184000
12/22/2014,551000
12/23/2014,529000
12/24/2014,320000
12/25/2014,75000
12/26/2014,255000
12/27/2014,254000
12/28/2014,182000
12/29/2014,505000
12/30/2014,531000
12/31/2014,482000
